ResponseID,BranchNum,Date_of_Survey,Time_of_Survey,SurveyQuestion1,SurveyQuestion2
1000,38,3/29/2020 0:00,2:36:00 PM,5,4
1001,2,3/29/2020 0:00,6:54:00 PM,5,5
1002,9,3/28/2020 0:00,12:21:00 AM,5,5
1003,42,3/28/2020 0:00,1:08:00 AM,5,4
1004,23,3/27/2020 0:00,11:43:00 AM,5,4
1005,40,3/27/2020 0:00,1:30:00 PM,5,5
1006,6,3/26/2020 0:00,6:20:00 AM,4,2
1007,25,3/25/2020 0:00,5:30:00 PM,5,5
1008,35,3/25/2020 0:00,8:35:00 AM,5,5
1009,42,3/25/2020 0:00,10:13:00 AM,1,2
1010,40,3/25/2020 0:00,12:02:00 PM,5,5
1011,19,3/25/2020 0:00,3:11:00 PM,5,4
1012,31,3/25/2020 0:00,4:38:00 PM,4,4
1013,23,3/24/2020 0:00,5:45:00 AM,5,4
1014,6,3/24/2020 0:00,5:55:00 PM,5,5
1015,5,3/23/2020 0:00,2:40:00 AM,5,5
1016,9,3/23/2020 0:00,9:31:00 AM,5,5
1017,40,3/23/2020 0:00,2:15:00 PM,5,5
1018,35,3/22/2020 0:00,8:11:00 AM,5,5
1019,9,3/22/2020 0:00,10:24:00 AM,3,4
1020,32,3/22/2020 0:00,10:32:00 PM,5,5
1021,2,3/22/2020 0:00,6:32:00 AM,5,5
1022,9,3/21/2020 0:00,5:50:00 AM,5,5
1023,15,3/21/2020 0:00,9:36:00 AM,5,5
1024,9,3/21/2020 0:00,10:52:00 AM,5,5
1025,5,3/21/2020 0:00,11:27:00 AM,4,5
1026,25,3/21/2020 0:00,11:48:00 AM,4,3
1027,31,3/21/2020 0:00,9:08:00 PM,4,4
1028,7,3/21/2020 0:00,10:15:00 PM,4,5
1029,4,3/21/2020 0:00,11:32:00 PM,4,4
1030,9,3/20/2020 0:00,6:55:00 AM,3,3
1031,32,3/20/2020 0:00,8:33:00 AM,5,5
1032,40,3/20/2020 0:00,8:34:00 AM,3,4
1033,9,3/20/2020 0:00,2:54:00 PM,5,5
1034,4,3/20/2020 0:00,10:58:00 PM,4,4
1035,10,3/19/2020 0:00,5:55:00 PM,4,4
1036,40,3/19/2020 0:00,7:10:00 AM,3,4
1037,9,3/19/2020 0:00,11:13:00 AM,5,5
1038,22,3/19/2020 0:00,12:26:00 PM,5,5
1039,9,3/19/2020 0:00,12:33:00 PM,4,4
1040,10,3/18/2020 0:00,12:47:00 PM,5,5
1041,42,3/18/2020 0:00,2:12:00 PM,1,4
1042,23,3/18/2020 0:00,3:06:00 PM,5,5
1043,2,3/18/2020 0:00,6:17:00 PM,2,3
1044,40,3/18/2020 0:00,10:48:00 PM,5,5
1045,32,3/17/2020 0:00,6:11:00 AM,5,5
1046,32,3/17/2020 0:00,6:48:00 AM,5,5
1047,13,3/17/2020 0:00,7:53:00 AM,4,5
1048,40,3/17/2020 0:00,7:55:00 AM,5,5
1049,28,3/17/2020 0:00,9:02:00 AM,5,5
1050,2,3/17/2020 0:00,11:01:00 AM,5,4
1051,11,3/17/2020 0:00,7:17:00 PM,4,4
1052,25,3/17/2020 0:00,7:26:00 PM,5,5
1053,6,3/17/2020 0:00,5:04:00 PM,5,4
1054,9,3/17/2020 0:00,5:25:00 PM,4,4
1055,5,3/17/2020 0:00,7:08:00 PM,4,5
1056,32,3/17/2020 0:00,1:10:00 PM,5,5
1057,22,3/17/2020 0:00,2:02:00 PM,5,5
1058,17,3/17/2020 0:00,2:21:00 PM,5,5
1059,40,3/17/2020 0:00,4:23:00 PM,4,5
1060,9,3/16/2020 0:00,6:19:00 AM,5,4
1061,43,3/16/2020 0:00,8:21:00 AM,5,5
1062,11,3/16/2020 0:00,10:29:00 AM,5,5
1063,40,3/16/2020 0:00,11:47:00 AM,5,5
1064,2,3/16/2020 0:00,11:59:00 AM,3,5
1065,8,3/16/2020 0:00,12:16:00 PM,5,5
1066,32,3/16/2020 0:00,3:49:00 PM,4,4
1067,35,3/16/2020 0:00,8:17:00 PM,5,5
1068,26,3/15/2020 0:00,8:26:00 AM,5,5
1069,40,3/15/2020 0:00,8:26:00 AM,5,5
1070,25,3/15/2020 0:00,8:37:00 AM,4,4
1071,32,3/15/2020 0:00,8:18:00 AM,5,5
1072,9,3/15/2020 0:00,9:55:00 AM,4,4
1073,13,3/15/2020 0:00,10:40:00 AM,5,5
1074,40,3/15/2020 0:00,3:32:00 PM,5,5
1075,40,3/15/2020 0:00,4:37:00 PM,5,4
1076,30,3/15/2020 0:00,7:56:00 PM,5,5
1077,31,3/15/2020 0:00,10:46:00 PM,5,5
1078,19,3/15/2020 0:00,5:53:00 AM,5,5
1079,25,3/15/2020 0:00,6:24:00 AM,5,5
1080,11,3/15/2020 0:00,6:37:00 AM,4,4
1081,40,3/14/2020 0:00,2:02:00 PM,4,5
1082,17,3/14/2020 0:00,4:24:00 PM,5,5
1083,32,3/14/2020 0:00,1:14:00 PM,5,5
1084,8,3/14/2020 0:00,8:35:00 AM,4,4
1085,9,3/14/2020 0:00,8:43:00 AM,4,3
1086,6,3/14/2020 0:00,9:01:00 AM,5,5
1087,31,3/14/2020 0:00,9:24:00 AM,5,5
1088,9,3/13/2020 0:00,5:53:00 AM,4,4
1089,23,3/13/2020 0:00,7:04:00 AM,3,4
1090,32,3/13/2020 0:00,10:35:00 AM,4,4
1091,31,3/13/2020 0:00,12:22:00 PM,4,4
1092,42,3/13/2020 0:00,1:52:00 PM,5,4
1093,9,3/13/2020 0:00,6:35:00 PM,5,5
1094,9,3/13/2020 0:00,8:11:00 PM,3,3
1095,8,3/12/2020 0:00,6:15:00 AM,4,4
1096,9,3/12/2020 0:00,7:47:00 AM,4,4
1097,33,3/12/2020 0:00,8:37:00 AM,5,4
1098,2,3/12/2020 0:00,8:40:00 AM,4,4
1099,40,3/12/2020 0:00,10:19:00 AM,3,5
1100,6,3/12/2020 0:00,2:10:00 PM,5,5
1101,31,3/12/2020 0:00,4:59:00 PM,5,5
1102,32,3/11/2020 0:00,6:18:00 AM,3,4
1103,40,3/11/2020 0:00,9:56:00 AM,2,3
1104,23,3/11/2020 0:00,11:20:00 AM,5,4
1105,9,3/11/2020 0:00,3:14:00 PM,4,5
1106,26,3/11/2020 0:00,3:22:00 PM,4,4
1107,19,3/10/2020 0:00,1:56:00 AM,5,5
1108,14,3/10/2020 0:00,5:29:00 AM,4,4
1109,23,3/10/2020 0:00,7:11:00 AM,5,5
1110,9,3/10/2020 0:00,9:34:00 AM,5,5
1111,42,3/10/2020 0:00,2:06:00 PM,5,4
1112,40,3/10/2020 0:00,2:48:00 PM,5,5
1113,9,3/10/2020 0:00,3:50:00 PM,5,5
1114,9,3/10/2020 0:00,7:01:00 PM,5,5
1115,42,3/10/2020 0:00,7:06:00 PM,5,4
1116,31,3/9/2020 0:00,8:53:00 PM,5,4
1117,31,3/9/2020 0:00,6:05:00 PM,5,5
1118,22,3/9/2020 0:00,7:27:00 PM,5,5
1119,42,3/9/2020 0:00,5:26:00 AM,1,1
1120,17,3/9/2020 0:00,1:29:00 PM,4,4
1121,40,3/8/2020 0:00,3:57:00 PM,3,3
1122,25,3/8/2020 0:00,6:32:00 PM,4,3
1123,21,3/8/2020 0:00,7:03:00 PM,5,5
1124,20,3/8/2020 0:00,10:12:00 PM,3,3
1125,1,3/8/2020 0:00,11:16:00 PM,5,5
1126,2,3/8/2020 0:00,11:47:00 PM,5,4
1127,9,3/7/2020 0:00,3:27:00 PM,5,5
1128,42,3/7/2020 0:00,5:05:00 PM,4,4
1129,23,3/7/2020 0:00,5:50:00 PM,5,5
1130,40,3/7/2020 0:00,11:06:00 PM,3,5
1131,40,3/7/2020 0:00,5:31:00 AM,5,5
1132,13,3/7/2020 0:00,9:00:00 AM,5,4
1133,23,3/7/2020 0:00,9:23:00 AM,3,4
1134,40,3/7/2020 0:00,11:24:00 AM,1,1
1135,22,3/7/2020 0:00,11:31:00 AM,4,4
1136,32,3/7/2020 0:00,11:57:00 AM,5,5
1137,24,3/7/2020 0:00,12:41:00 PM,5,5
1138,13,3/6/2020 0:00,5:29:00 AM,3,4
1139,31,3/6/2020 0:00,6:27:00 AM,4,4
1140,32,3/6/2020 0:00,7:20:00 AM,5,5
1141,10,3/6/2020 0:00,11:13:00 AM,5,5
1142,40,3/5/2020 0:00,10:10:00 AM,5,5
1143,42,3/5/2020 0:00,11:13:00 AM,5,4
1144,9,3/5/2020 0:00,1:50:00 PM,5,5
1145,17,3/5/2020 0:00,3:46:00 PM,5,4
1146,42,3/5/2020 0:00,6:12:00 PM,5,5
1147,1,3/5/2020 0:00,9:29:00 PM,4,4
1148,32,3/5/2020 0:00,10:18:00 PM,5,5
1149,32,3/5/2020 0:00,11:32:00 PM,5,5
1150,9,3/4/2020 0:00,1:35:00 AM,4,4
1151,26,3/4/2020 0:00,4:10:00 PM,5,4
1152,32,3/4/2020 0:00,6:47:00 PM,5,5
1153,13,3/4/2020 0:00,7:23:00 PM,4,4
1154,28,3/3/2020 0:00,4:47:00 AM,5,5
1155,30,3/3/2020 0:00,5:16:00 AM,4,4
1156,27,3/3/2020 0:00,6:45:00 AM,5,5
1157,23,3/3/2020 0:00,7:06:00 AM,4,5
1158,40,3/3/2020 0:00,7:00:00 AM,5,5
1159,32,3/3/2020 0:00,7:36:00 AM,3,3
1160,22,3/3/2020 0:00,1:01:00 PM,4,5
1161,25,3/2/2020 0:00,9:09:00 AM,5,5
1162,23,3/2/2020 0:00,11:19:00 AM,5,5
1163,42,3/1/2020 0:00,2:23:00 PM,5,5
1164,25,3/1/2020 0:00,6:23:00 PM,5,5
1165,31,3/1/2020 0:00,4:48:00 AM,4,4
1166,24,3/1/2020 0:00,11:29:00 AM,5,4
1167,22,3/1/2020 0:00,12:26:00 PM,5,5
1168,18,2/29/2020 0:00,10:34:00 AM,5,5
1169,32,2/29/2020 0:00,10:34:00 AM,5,5
1170,25,2/29/2020 0:00,10:52:00 AM,4,4
1171,13,2/29/2020 0:00,11:10:00 AM,5,5
1172,32,2/29/2020 0:00,5:14:00 PM,4,4
1173,37,2/29/2020 0:00,8:11:00 AM,5,5
1174,42,2/29/2020 0:00,8:59:00 AM,4,4
1175,30,2/29/2020 0:00,10:05:00 AM,5,5
1176,35,2/29/2020 0:00,10:07:00 AM,3,3
1177,42,2/29/2020 0:00,10:09:00 AM,4,4
1178,32,2/29/2020 0:00,8:07:00 AM,3,4
1179,34,2/29/2020 0:00,4:56:00 AM,1,2
1180,31,2/29/2020 0:00,5:27:00 AM,5,5
1181,42,2/29/2020 0:00,5:36:00 AM,4,4
1182,9,2/29/2020 0:00,6:38:00 AM,3,4
1183,14,2/28/2020 0:00,4:55:00 AM,5,5
1184,32,2/28/2020 0:00,5:58:00 AM,5,5
1185,32,2/28/2020 0:00,6:19:00 AM,5,5
1186,43,2/28/2020 0:00,5:49:00 AM,5,5
1187,9,2/28/2020 0:00,6:27:00 AM,5,4
1188,30,2/28/2020 0:00,7:00:00 AM,4,4
1189,25,2/28/2020 0:00,8:29:00 AM,4,4
1190,23,2/28/2020 0:00,11:31:00 AM,4,4
1191,22,2/28/2020 0:00,1:36:00 PM,3,4
1192,20,2/28/2020 0:00,4:44:00 PM,4,4
1193,40,2/27/2020 0:00,8:55:00 PM,5,5
1194,32,2/27/2020 0:00,9:47:00 PM,4,4
1195,9,2/27/2020 0:00,12:07:00 AM,5,5
1196,23,2/27/2020 0:00,5:07:00 AM,5,5
1197,13,2/27/2020 0:00,6:05:00 AM,5,4
1198,19,2/27/2020 0:00,7:46:00 AM,5,5
1199,31,2/27/2020 0:00,9:09:00 AM,4,4
1200,23,2/27/2020 0:00,9:11:00 AM,1,1
1201,15,2/27/2020 0:00,8:51:00 AM,1,3
1202,10,2/27/2020 0:00,9:58:00 AM,5,4
1203,19,2/27/2020 0:00,12:38:00 PM,5,5
1204,25,2/27/2020 0:00,7:31:00 PM,5,5
1205,23,2/26/2020 0:00,6:58:00 AM,5,5
1206,42,2/26/2020 0:00,8:48:00 AM,4,5
1207,40,2/26/2020 0:00,9:15:00 AM,5,4
1208,9,2/26/2020 0:00,9:38:00 AM,5,5
1209,27,2/26/2020 0:00,9:38:00 AM,5,5
1210,15,2/26/2020 0:00,10:17:00 AM,5,4
1211,22,2/26/2020 0:00,10:34:00 AM,5,5
1212,23,2/26/2020 0:00,1:09:00 PM,4,4
1213,34,2/26/2020 0:00,2:05:00 PM,5,5
1214,9,2/26/2020 0:00,3:33:00 PM,4,4
1215,23,2/26/2020 0:00,6:09:00 PM,5,5
1216,10,2/26/2020 0:00,8:55:00 PM,4,4
1217,40,2/25/2020 0:00,4:17:00 AM,4,5
1218,28,2/25/2020 0:00,4:57:00 AM,3,4
1219,35,2/25/2020 0:00,6:34:00 AM,5,5
1220,20,2/25/2020 0:00,6:51:00 AM,5,5
1221,9,2/25/2020 0:00,8:06:00 AM,5,5
1222,40,2/25/2020 0:00,8:36:00 AM,5,5
1223,32,2/25/2020 0:00,8:53:00 AM,5,5
1224,23,2/25/2020 0:00,9:33:00 AM,5,5
1225,9,2/25/2020 0:00,9:56:00 AM,3,4
1226,12,2/25/2020 0:00,10:53:00 AM,5,5
1227,23,2/25/2020 0:00,11:34:00 AM,5,5
1228,9,2/25/2020 0:00,2:11:00 PM,3,3
1229,27,2/25/2020 0:00,10:18:00 PM,2,3
1230,19,2/24/2020 0:00,5:33:00 AM,5,5
1231,42,2/24/2020 0:00,8:13:00 AM,5,5
1232,31,2/24/2020 0:00,8:30:00 AM,4,4
1233,15,2/23/2020 0:00,5:49:00 AM,3,4
1234,23,2/23/2020 0:00,6:53:00 AM,5,4
1235,27,2/23/2020 0:00,7:17:00 AM,5,5
1236,28,2/23/2020 0:00,8:06:00 AM,5,5
1237,27,2/23/2020 0:00,10:49:00 AM,3,2
1238,2,2/23/2020 0:00,5:39:00 PM,5,5
1239,2,2/22/2020 0:00,12:10:00 AM,5,5
1240,32,2/22/2020 0:00,8:08:00 AM,4,4
1241,9,2/22/2020 0:00,3:56:00 PM,5,5
1242,16,2/21/2020 0:00,6:40:00 AM,5,5
1243,22,2/21/2020 0:00,7:09:00 AM,5,5
1244,30,2/21/2020 0:00,7:41:00 AM,4,4
1245,18,2/21/2020 0:00,12:22:00 PM,5,4
1246,1,2/21/2020 0:00,2:49:00 PM,4,4
1247,40,2/20/2020 0:00,5:18:00 PM,5,5
1248,31,2/20/2020 0:00,4:11:00 AM,4,5
1249,13,2/20/2020 0:00,5:03:00 AM,5,5
1250,22,2/20/2020 0:00,8:48:00 AM,3,3
1251,23,2/20/2020 0:00,8:41:00 AM,5,4
1252,15,2/20/2020 0:00,12:49:00 PM,4,4
1253,2,2/20/2020 0:00,1:07:00 PM,4,4
1254,23,2/19/2020 0:00,4:42:00 AM,5,5
1255,43,2/19/2020 0:00,6:53:00 AM,5,5
1256,27,2/19/2020 0:00,6:54:00 AM,4,4
1257,40,2/19/2020 0:00,7:31:00 AM,5,5
1258,13,2/19/2020 0:00,9:34:00 AM,1,2
1259,17,2/19/2020 0:00,10:15:00 AM,4,4
1260,5,2/19/2020 0:00,3:10:00 PM,5,5
1261,40,2/19/2020 0:00,3:15:00 PM,5,5
1262,32,2/19/2020 0:00,4:18:00 PM,5,5
1263,17,2/18/2020 0:00,6:20:00 AM,3,3
1264,31,2/18/2020 0:00,8:12:00 AM,5,5
1265,9,2/18/2020 0:00,10:07:00 AM,3,3
1266,43,2/18/2020 0:00,4:41:00 PM,3,4
1267,23,2/17/2020 0:00,11:13:00 AM,5,5
1268,9,2/17/2020 0:00,1:37:00 PM,5,4
1269,32,2/17/2020 0:00,4:35:00 PM,3,4
1270,2,2/17/2020 0:00,7:35:00 PM,5,5
1271,2,2/16/2020 0:00,10:02:00 AM,5,5
1272,23,2/16/2020 0:00,1:34:00 PM,5,5
1273,19,2/16/2020 0:00,1:47:00 PM,5,5
1274,16,2/16/2020 0:00,3:36:00 PM,5,5
1275,13,2/16/2020 0:00,4:00:00 PM,4,4
1276,16,2/16/2020 0:00,5:59:00 PM,4,2
1277,23,2/15/2020 0:00,4:49:00 AM,4,4
1278,32,2/15/2020 0:00,5:54:00 AM,5,5
1279,16,2/15/2020 0:00,7:18:00 AM,3,4
1280,40,2/15/2020 0:00,7:33:00 AM,5,5
1281,9,2/15/2020 0:00,7:53:00 AM,4,4
1282,27,2/15/2020 0:00,8:41:00 AM,2,4
1283,9,2/15/2020 0:00,11:27:00 AM,4,4
1284,12,2/15/2020 0:00,1:52:00 PM,5,5
1285,12,2/15/2020 0:00,7:02:00 PM,5,3
1286,30,2/14/2020 0:00,1:10:00 PM,5,5
1287,2,2/14/2020 0:00,6:52:00 AM,5,5
1288,9,2/14/2020 0:00,7:02:00 AM,5,5
1289,9,2/14/2020 0:00,6:23:00 AM,5,5
1290,22,2/13/2020 0:00,10:16:00 AM,5,5
1291,23,2/13/2020 0:00,2:34:00 PM,3,4
1292,32,2/13/2020 0:00,8:55:00 PM,5,5
1293,13,2/13/2020 0:00,4:14:00 AM,5,5
1294,9,2/13/2020 0:00,5:15:00 AM,4,5
1295,9,2/12/2020 0:00,8:40:00 AM,5,5
1296,13,2/12/2020 0:00,10:24:00 AM,5,5
1297,20,2/12/2020 0:00,10:49:00 AM,5,5
1298,7,2/12/2020 0:00,3:00:00 PM,4,4
1299,9,2/12/2020 0:00,9:51:00 PM,4,4
1300,2,2/12/2020 0:00,11:21:00 PM,4,4
1301,40,2/12/2020 0:00,4:24:00 AM,5,5
1302,26,2/12/2020 0:00,5:07:00 AM,5,5
1303,31,2/12/2020 0:00,6:23:00 AM,4,4
1304,9,2/12/2020 0:00,8:34:00 AM,4,4
1305,22,2/11/2020 0:00,7:57:00 AM,5,5
1306,9,2/11/2020 0:00,4:16:00 AM,5,5
1307,25,2/11/2020 0:00,7:21:00 AM,4,4
1308,22,2/11/2020 0:00,7:53:00 AM,5,5
1309,2,2/10/2020 0:00,6:33:00 AM,5,5
1310,15,2/10/2020 0:00,12:35:00 PM,4,4
1311,9,2/9/2020 0:00,10:01:00 AM,3,3
1312,8,2/9/2020 0:00,11:54:00 AM,4,4
1313,31,2/9/2020 0:00,2:31:00 PM,5,5
1314,2,2/9/2020 0:00,2:45:00 PM,5,5
1315,24,2/9/2020 0:00,6:04:00 PM,4,5
1316,32,2/8/2020 0:00,4:58:00 AM,5,5
1317,23,2/8/2020 0:00,5:33:00 AM,2,3
1318,32,2/8/2020 0:00,7:27:00 AM,5,5
1319,32,2/8/2020 0:00,10:04:00 AM,5,5
1320,9,2/8/2020 0:00,10:02:00 AM,4,4
1321,25,2/8/2020 0:00,11:50:00 AM,5,5
1322,32,2/8/2020 0:00,12:00:00 PM,4,4
1323,32,2/8/2020 0:00,1:40:00 PM,5,5
1324,25,2/8/2020 0:00,2:26:00 PM,5,5
1325,9,2/8/2020 0:00,3:00:00 PM,5,5
1326,3,2/8/2020 0:00,3:15:00 PM,5,5
1327,23,2/8/2020 0:00,5:33:00 PM,4,4
1328,17,2/8/2020 0:00,6:44:00 PM,4,4
1329,31,2/7/2020 0:00,7:19:00 AM,4,4
1330,31,2/7/2020 0:00,7:35:00 AM,4,4
1331,25,2/7/2020 0:00,7:52:00 AM,4,4
1332,25,2/7/2020 0:00,8:03:00 AM,3,3
1333,9,2/7/2020 0:00,9:28:00 AM,5,4
1334,9,2/7/2020 0:00,10:22:00 AM,5,5
1335,13,2/7/2020 0:00,1:41:00 PM,5,5
1336,5,2/7/2020 0:00,9:43:00 PM,4,3
1337,9,2/7/2020 0:00,10:27:00 PM,2,3
1338,22,2/6/2020 0:00,5:26:00 AM,5,5
1339,31,2/6/2020 0:00,7:13:00 AM,4,4
1340,9,2/6/2020 0:00,7:35:00 AM,3,3
1341,19,2/6/2020 0:00,9:23:00 AM,4,5
1342,25,2/6/2020 0:00,10:59:00 AM,5,5
1343,31,2/6/2020 0:00,11:35:00 AM,4,4
1344,40,2/6/2020 0:00,12:00:00 PM,5,5
1345,25,2/6/2020 0:00,2:05:00 PM,4,4
1346,20,2/6/2020 0:00,3:47:00 PM,3,3
1347,31,2/6/2020 0:00,4:07:00 PM,5,5
1348,9,2/6/2020 0:00,6:28:00 PM,5,5
1349,2,2/6/2020 0:00,9:16:00 PM,3,3
1350,9,2/5/2020 0:00,4:38:00 AM,5,5
1351,2,2/5/2020 0:00,11:52:00 AM,4,3
1352,2,2/5/2020 0:00,12:35:00 PM,5,5
1353,25,2/5/2020 0:00,12:39:00 PM,5,5
1354,14,2/5/2020 0:00,4:01:00 PM,5,4
1355,3,2/5/2020 0:00,5:16:00 PM,4,4
1356,33,2/5/2020 0:00,5:38:00 PM,2,1
1357,23,2/5/2020 0:00,6:21:00 PM,5,5
1358,40,2/5/2020 0:00,6:36:00 PM,5,5
1359,22,2/5/2020 0:00,5:06:00 AM,5,5
1360,9,2/5/2020 0:00,5:59:00 AM,5,5
1361,32,2/5/2020 0:00,6:56:00 AM,5,5
1362,7,2/5/2020 0:00,9:17:00 AM,4,4
1363,40,2/5/2020 0:00,10:34:00 AM,4,4
1364,31,2/5/2020 0:00,11:24:00 AM,5,5
1365,23,2/5/2020 0:00,11:28:00 AM,5,5
1366,35,2/4/2020 0:00,12:37:00 AM,3,4
1367,23,2/4/2020 0:00,5:48:00 AM,5,5
1368,9,2/4/2020 0:00,6:29:00 AM,5,5
1369,20,2/4/2020 0:00,8:18:00 AM,4,5
1370,19,2/4/2020 0:00,8:43:00 AM,5,5
1371,28,2/4/2020 0:00,10:06:00 AM,2,3
1372,23,2/4/2020 0:00,1:13:00 PM,3,4
1373,9,2/4/2020 0:00,6:00:00 PM,5,4
1374,9,2/3/2020 0:00,5:52:00 AM,3,3
1375,27,2/3/2020 0:00,5:58:00 AM,5,5
1376,23,2/3/2020 0:00,9:38:00 AM,4,4
1377,11,2/3/2020 0:00,10:17:00 AM,5,5
1378,20,2/3/2020 0:00,2:16:00 PM,5,5
1379,2,2/3/2020 0:00,5:01:00 PM,5,5
1380,40,2/3/2020 0:00,6:07:00 PM,5,5
1381,40,2/3/2020 0:00,6:49:00 PM,5,4
1382,2,2/2/2020 0:00,8:41:00 AM,5,5
1383,23,2/2/2020 0:00,8:43:00 AM,5,5
1384,19,2/2/2020 0:00,10:50:00 AM,4,4
1385,1,2/2/2020 0:00,11:30:00 AM,2,2
1386,40,2/1/2020 0:00,7:51:00 AM,5,5
1387,8,2/1/2020 0:00,5:21:00 PM,2,2
1388,40,2/1/2020 0:00,6:16:00 PM,4,4
1389,9,2/1/2020 0:00,9:31:00 PM,5,5
1390,25,2/1/2020 0:00,10:12:00 PM,5,5
1391,23,2/1/2020 0:00,7:10:00 AM,5,5
1392,31,2/1/2020 0:00,2:40:00 PM,5,4
1393,31,1/31/2020 0:00,5:07:00 AM,5,5
1394,23,1/31/2020 0:00,5:28:00 AM,4,4
1395,30,1/31/2020 0:00,5:34:00 AM,4,4
1396,19,1/31/2020 0:00,6:17:00 AM,5,5
1397,29,1/31/2020 0:00,6:17:00 AM,2,4
1398,32,1/31/2020 0:00,7:30:00 AM,5,5
1399,9,1/31/2020 0:00,7:57:00 AM,5,5
1400,9,1/31/2020 0:00,8:34:00 AM,1,2
1401,25,1/31/2020 0:00,9:24:00 AM,5,5
1402,22,1/31/2020 0:00,10:44:00 AM,5,5
1403,9,1/31/2020 0:00,11:12:00 AM,3,3
1404,40,1/31/2020 0:00,5:29:00 PM,4,4
1405,12,1/31/2020 0:00,7:27:00 PM,5,5
1406,23,1/31/2020 0:00,8:13:00 PM,5,5
1407,39,1/30/2020 0:00,6:04:00 AM,5,5
1408,43,1/30/2020 0:00,6:46:00 AM,3,3
1409,9,1/30/2020 0:00,7:20:00 AM,5,5
1410,27,1/30/2020 0:00,8:21:00 AM,4,4
1411,28,1/30/2020 0:00,8:34:00 AM,5,5
1412,15,1/30/2020 0:00,9:39:00 AM,5,5
1413,31,1/30/2020 0:00,10:28:00 AM,5,5
1414,20,1/30/2020 0:00,2:53:00 PM,4,5
1415,28,1/30/2020 0:00,5:46:00 PM,3,3
1416,32,1/30/2020 0:00,6:37:00 PM,5,5
1417,9,1/30/2020 0:00,7:32:00 PM,5,5
1418,25,1/30/2020 0:00,8:42:00 PM,4,4
1419,32,1/29/2020 0:00,12:43:00 PM,5,4
1420,40,1/29/2020 0:00,3:27:00 PM,5,5
1421,22,1/29/2020 0:00,7:52:00 PM,4,4
1422,31,1/29/2020 0:00,8:22:00 PM,5,5
1423,5,1/29/2020 0:00,9:09:00 PM,4,5
1424,39,1/29/2020 0:00,12:28:00 AM,3,4
1425,32,1/29/2020 0:00,8:52:00 AM,5,5
1426,22,1/29/2020 0:00,9:41:00 AM,3,3
1427,22,1/29/2020 0:00,10:33:00 AM,3,3
1428,26,1/29/2020 0:00,12:12:00 PM,5,5
1429,30,1/28/2020 0:00,4:31:00 AM,4,4
1430,34,1/28/2020 0:00,5:07:00 AM,5,5
1431,19,1/28/2020 0:00,5:10:00 AM,5,5
1432,24,1/28/2020 0:00,6:17:00 AM,1,1
1433,19,1/28/2020 0:00,6:29:00 AM,5,5
1434,39,1/28/2020 0:00,6:37:00 AM,5,5
1435,32,1/28/2020 0:00,7:42:00 AM,5,5
1436,43,1/28/2020 0:00,9:15:00 AM,5,5
1437,9,1/28/2020 0:00,9:26:00 AM,5,5
1438,35,1/28/2020 0:00,9:30:00 AM,5,5
1439,2,1/28/2020 0:00,10:28:00 AM,5,5
1440,2,1/28/2020 0:00,1:13:00 PM,5,5
1441,9,1/28/2020 0:00,3:10:00 PM,5,5
1442,20,1/28/2020 0:00,10:11:00 PM,4,4
1443,25,1/27/2020 0:00,9:41:00 AM,5,5
1444,32,1/27/2020 0:00,12:56:00 PM,4,4
1445,20,1/26/2020 0:00,10:02:00 PM,1,1
1446,25,1/26/2020 0:00,9:26:00 AM,4,4
1447,32,1/26/2020 0:00,5:41:00 PM,5,5
1448,9,1/25/2020 0:00,4:38:00 AM,5,5
1449,2,1/25/2020 0:00,7:19:00 AM,5,5
1450,31,1/25/2020 0:00,8:53:00 AM,5,5
1451,25,1/25/2020 0:00,9:01:00 AM,5,5
1452,25,1/25/2020 0:00,10:30:00 AM,5,5
1453,9,1/25/2020 0:00,12:36:00 PM,5,5
1454,15,1/25/2020 0:00,6:38:00 PM,4,4
1455,35,1/24/2020 0:00,7:09:00 AM,5,5
1456,19,1/24/2020 0:00,8:36:00 AM,5,4
1457,9,1/24/2020 0:00,9:39:00 AM,5,5
1458,31,1/24/2020 0:00,11:07:00 AM,5,5
1459,9,1/24/2020 0:00,1:17:00 PM,5,5
1460,9,1/23/2020 0:00,6:42:00 PM,5,5
1461,32,1/23/2020 0:00,7:55:00 PM,2,4
1462,26,1/23/2020 0:00,6:05:00 AM,5,5
1463,12,1/23/2020 0:00,7:44:00 AM,1,2
1464,3,1/23/2020 0:00,8:12:00 AM,4,4
1465,33,1/23/2020 0:00,8:40:00 AM,3,3
1466,42,1/23/2020 0:00,9:32:00 AM,5,4
1467,9,1/23/2020 0:00,10:35:00 AM,4,4
1468,2,1/23/2020 0:00,4:02:00 PM,4,5
1469,28,1/22/2020 0:00,9:12:00 AM,4,4
1470,25,1/22/2020 0:00,9:53:00 AM,4,4
1471,25,1/22/2020 0:00,3:32:00 PM,4,4
1472,1,1/22/2020 0:00,4:05:00 PM,3,3
1473,9,1/22/2020 0:00,4:33:00 PM,4,4
1474,22,1/22/2020 0:00,4:26:00 PM,5,5
1475,9,1/22/2020 0:00,5:19:00 PM,5,4
1476,9,1/22/2020 0:00,6:13:00 PM,5,5
1477,40,1/22/2020 0:00,10:07:00 PM,5,5
1478,31,1/22/2020 0:00,10:47:00 PM,5,5
1479,31,1/22/2020 0:00,11:33:00 PM,5,5
1480,9,1/21/2020 0:00,6:19:00 AM,2,4
1481,9,1/21/2020 0:00,7:45:00 AM,5,5
1482,19,1/21/2020 0:00,8:05:00 AM,4,4
1483,29,1/21/2020 0:00,8:24:00 AM,5,4
1484,16,1/21/2020 0:00,9:16:00 AM,5,4
1485,9,1/21/2020 0:00,1:35:00 PM,5,5
1486,8,1/21/2020 0:00,1:38:00 PM,4,3
1487,30,1/21/2020 0:00,5:33:00 PM,4,4
1488,26,1/20/2020 0:00,4:51:00 PM,5,5
1489,9,1/20/2020 0:00,5:08:00 PM,3,3
1490,23,1/20/2020 0:00,7:29:00 PM,5,5
1491,32,1/19/2020 0:00,6:47:00 PM,4,4
1492,9,1/19/2020 0:00,2:38:00 AM,5,5
1493,30,1/19/2020 0:00,1:46:00 PM,3,3
1494,31,1/18/2020 0:00,7:00:00 PM,5,5
1495,40,1/18/2020 0:00,7:22:00 PM,5,5
1496,9,1/18/2020 0:00,8:27:00 PM,5,5
1497,30,1/18/2020 0:00,10:15:00 PM,5,5
1498,30,1/18/2020 0:00,10:34:00 PM,5,5
1499,32,1/18/2020 0:00,6:06:00 AM,5,4
1500,17,1/18/2020 0:00,7:16:00 AM,2,3
1501,9,1/18/2020 0:00,3:02:00 PM,5,5
1502,1,1/17/2020 0:00,3:24:00 PM,4,4
1503,13,1/17/2020 0:00,5:19:00 PM,5,4
1504,3,1/17/2020 0:00,5:18:00 AM,5,5
1505,18,1/17/2020 0:00,7:50:00 AM,5,5
1506,31,1/17/2020 0:00,8:02:00 AM,5,5
1507,40,1/17/2020 0:00,8:50:00 AM,5,5
1508,2,1/17/2020 0:00,9:37:00 AM,5,5
1509,2,1/17/2020 0:00,9:54:00 AM,5,4
1510,25,1/17/2020 0:00,10:10:00 AM,4,4
1511,40,1/17/2020 0:00,11:26:00 AM,5,5
1512,3,1/17/2020 0:00,12:05:00 PM,4,4
1513,18,1/17/2020 0:00,12:16:00 PM,4,5
1514,9,1/16/2020 0:00,10:11:00 AM,4,5
1515,32,1/16/2020 0:00,2:47:00 PM,5,5
1516,32,1/16/2020 0:00,3:15:00 PM,3,4
1517,40,1/16/2020 0:00,3:24:00 PM,5,5
1518,32,1/16/2020 0:00,3:27:00 PM,5,5
1519,25,1/16/2020 0:00,3:34:00 PM,4,4
1520,23,1/16/2020 0:00,4:18:00 PM,5,5
1521,9,1/16/2020 0:00,4:25:00 PM,5,4
1522,40,1/16/2020 0:00,4:45:00 PM,2,4
1523,30,1/16/2020 0:00,5:24:00 PM,5,5
1524,21,1/16/2020 0:00,5:44:00 PM,5,5
1525,9,1/16/2020 0:00,6:44:00 PM,5,4
1526,15,1/16/2020 0:00,8:09:00 PM,4,5
1527,43,1/16/2020 0:00,9:22:00 PM,5,4
1528,19,1/16/2020 0:00,9:39:00 PM,5,4
1529,7,1/15/2020 0:00,7:13:00 AM,5,5
1530,31,1/15/2020 0:00,7:46:00 AM,3,3
1531,23,1/15/2020 0:00,10:35:00 AM,5,5
1532,40,1/15/2020 0:00,1:33:00 PM,5,4
1533,28,1/15/2020 0:00,7:12:00 PM,2,3
1534,22,1/14/2020 0:00,6:27:00 AM,5,4
1535,1,1/14/2020 0:00,7:07:00 AM,4,4
1536,19,1/14/2020 0:00,7:20:00 AM,5,5
1537,16,1/14/2020 0:00,7:26:00 AM,5,5
1538,23,1/14/2020 0:00,2:00:00 PM,3,3
1539,9,1/14/2020 0:00,4:35:00 PM,5,4
1540,40,1/14/2020 0:00,7:21:00 PM,5,5
1541,16,1/13/2020 0:00,8:00:00 AM,5,4
1542,32,1/13/2020 0:00,9:25:00 AM,5,5
1543,22,1/13/2020 0:00,5:11:00 AM,4,4
1544,42,1/13/2020 0:00,6:37:00 AM,4,4
1545,9,1/12/2020 0:00,6:34:00 AM,5,5
1546,6,1/12/2020 0:00,7:03:00 AM,5,5
1547,9,1/12/2020 0:00,8:51:00 AM,4,4
1548,31,1/12/2020 0:00,11:08:00 AM,5,5
1549,25,1/12/2020 0:00,1:30:00 PM,4,4
1550,6,1/12/2020 0:00,7:14:00 PM,5,5
1551,40,1/12/2020 0:00,9:39:00 PM,3,4
1552,19,1/12/2020 0:00,11:40:00 PM,5,5
1553,42,1/11/2020 0:00,6:56:00 AM,5,5
1554,27,1/11/2020 0:00,7:23:00 AM,5,3
1555,9,1/11/2020 0:00,7:50:00 AM,5,5
1556,25,1/11/2020 0:00,8:49:00 AM,5,5
1557,32,1/11/2020 0:00,9:36:00 AM,5,5
1558,32,1/11/2020 0:00,9:44:00 AM,4,4
1559,24,1/11/2020 0:00,7:10:00 PM,5,5
1560,23,1/11/2020 0:00,10:03:00 PM,5,4
1561,8,1/10/2020 0:00,6:20:00 AM,4,4
1562,5,1/10/2020 0:00,6:38:00 AM,5,5
1563,31,1/10/2020 0:00,9:39:00 AM,3,3
1564,40,1/10/2020 0:00,9:43:00 AM,5,5
1565,9,1/10/2020 0:00,10:21:00 AM,5,5
1566,13,1/10/2020 0:00,1:17:00 PM,5,5
1567,9,1/10/2020 0:00,5:16:00 PM,4,5
1568,40,1/10/2020 0:00,6:17:00 PM,5,5
1569,32,1/9/2020 0:00,5:32:00 AM,5,4
1570,31,1/9/2020 0:00,6:41:00 AM,4,4
1571,32,1/9/2020 0:00,6:22:00 AM,5,5
1572,25,1/9/2020 0:00,10:35:00 AM,5,5
1573,9,1/9/2020 0:00,10:51:00 AM,5,5
1574,31,1/9/2020 0:00,11:20:00 AM,5,5
1575,40,1/9/2020 0:00,11:59:00 AM,5,4
1576,25,1/9/2020 0:00,3:31:00 PM,4,4
1577,40,1/9/2020 0:00,4:09:00 PM,4,3
1578,18,1/9/2020 0:00,4:58:00 PM,2,3
1579,25,1/9/2020 0:00,5:05:00 PM,2,3
1580,25,1/8/2020 0:00,6:20:00 AM,3,4
1581,40,1/8/2020 0:00,6:30:00 AM,5,5
1582,24,1/8/2020 0:00,7:06:00 AM,5,5
1583,8,1/8/2020 0:00,7:42:00 AM,5,4
1584,19,1/8/2020 0:00,8:54:00 AM,5,5
1585,2,1/8/2020 0:00,9:37:00 AM,5,5
1586,2,1/8/2020 0:00,3:10:00 PM,5,5
1587,31,1/8/2020 0:00,5:57:00 AM,5,5
1588,30,1/7/2020 0:00,9:18:00 AM,5,4
1589,12,1/7/2020 0:00,10:04:00 AM,5,4
1590,25,1/7/2020 0:00,11:29:00 AM,5,4
1591,5,1/7/2020 0:00,12:28:00 PM,5,5
1592,15,1/7/2020 0:00,8:45:00 PM,5,5
1593,9,1/7/2020 0:00,7:05:00 AM,4,4
1594,34,1/6/2020 0:00,9:36:00 PM,5,5
1595,23,1/5/2020 0:00,11:50:00 AM,5,5
1596,9,1/5/2020 0:00,4:17:00 PM,5,4
1597,31,1/5/2020 0:00,4:51:00 PM,5,5
1598,9,1/5/2020 0:00,7:46:00 PM,4,4
1599,31,1/4/2020 0:00,5:37:00 AM,5,5
1600,16,1/4/2020 0:00,6:30:00 AM,5,5
1601,13,1/4/2020 0:00,7:41:00 AM,5,5
1602,23,1/4/2020 0:00,8:27:00 AM,5,5
1603,32,1/4/2020 0:00,9:40:00 AM,4,3
1604,19,1/4/2020 0:00,9:54:00 AM,5,5
1605,28,1/4/2020 0:00,12:01:00 PM,5,5
1606,42,1/4/2020 0:00,12:18:00 PM,5,5
1607,9,1/4/2020 0:00,6:45:00 PM,1,1
1608,2,1/4/2020 0:00,8:39:00 PM,5,5
1609,32,1/4/2020 0:00,9:34:00 PM,4,4
1610,15,1/3/2020 0:00,8:58:00 AM,5,4
1611,23,1/3/2020 0:00,10:55:00 AM,5,5
1612,9,1/3/2020 0:00,12:59:00 PM,1,4
1613,40,1/3/2020 0:00,2:54:00 PM,5,5
1614,9,1/3/2020 0:00,10:18:00 PM,4,4
1615,2,1/2/2020 0:00,12:15:00 PM,4,4
1616,32,1/2/2020 0:00,12:16:00 PM,5,5
1617,21,1/1/2020 0:00,8:13:00 AM,5,5
1618,9,1/1/2020 0:00,12:07:00 PM,4,3
1619,21,1/1/2020 0:00,7:42:00 AM,5,5
1620,25,12/31/2019 0:00,1:23:00 PM,4,4
1621,42,12/31/2019 0:00,2:15:00 PM,1,1
1622,2,12/31/2019 0:00,4:15:00 PM,5,5
1623,25,12/31/2019 0:00,6:13:00 PM,5,3
1624,10,12/31/2019 0:00,8:11:00 PM,5,5
1625,9,12/31/2019 0:00,5:21:00 AM,4,4
1626,27,12/31/2019 0:00,7:26:00 AM,5,5
1627,32,12/31/2019 0:00,7:13:00 AM,4,4
1628,9,12/31/2019 0:00,8:30:00 AM,4,5
1629,9,12/31/2019 0:00,8:45:00 AM,5,5
1630,1,12/31/2019 0:00,9:47:00 AM,3,4
1631,32,12/31/2019 0:00,9:50:00 AM,5,5
1632,2,12/31/2019 0:00,11:06:00 AM,5,5
1633,31,12/31/2019 0:00,12:29:00 PM,4,5
1634,40,12/30/2019 0:00,11:56:00 AM,2,3
1635,40,12/29/2019 0:00,10:37:00 AM,2,3
1636,20,12/28/2019 0:00,9:09:00 AM,5,5
1637,9,12/28/2019 0:00,10:34:00 AM,5,5
1638,13,12/28/2019 0:00,10:34:00 AM,4,4
1639,31,12/28/2019 0:00,12:47:00 PM,5,4
1640,9,12/28/2019 0:00,4:19:00 PM,5,5
1641,19,12/28/2019 0:00,4:33:00 PM,5,5
1642,40,12/28/2019 0:00,10:29:00 PM,5,5
1643,32,12/28/2019 0:00,6:38:00 AM,4,5
1644,25,12/28/2019 0:00,8:13:00 AM,5,5
1645,32,12/27/2019 0:00,8:30:00 AM,2,3
1646,30,12/26/2019 0:00,6:37:00 AM,5,5
1647,5,12/26/2019 0:00,10:05:00 AM,5,5
1648,9,12/26/2019 0:00,2:01:00 PM,3,4
1649,40,12/26/2019 0:00,3:25:00 PM,4,4
1650,32,12/26/2019 0:00,3:54:00 PM,5,5
1651,9,12/26/2019 0:00,10:10:00 PM,5,5
1652,23,12/25/2019 0:00,6:54:00 AM,5,5
1653,4,12/25/2019 0:00,12:58:00 PM,3,3
1654,19,12/25/2019 0:00,1:25:00 PM,5,5
1655,25,12/25/2019 0:00,3:14:00 PM,3,3
1656,9,12/24/2019 0:00,5:24:00 AM,4,5
1657,23,12/24/2019 0:00,6:47:00 AM,1,1
1658,32,12/24/2019 0:00,7:29:00 AM,5,5
1659,25,12/24/2019 0:00,8:12:00 AM,5,4
1660,1,12/24/2019 0:00,9:09:00 AM,5,5
1661,25,12/24/2019 0:00,9:18:00 PM,4,4
1662,1,12/23/2019 0:00,8:59:00 AM,4,4
1663,23,12/23/2019 0:00,12:10:00 PM,4,4
1664,23,12/23/2019 0:00,5:07:00 PM,5,5
1665,31,12/23/2019 0:00,8:08:00 PM,5,4
1666,43,12/22/2019 0:00,9:31:00 AM,3,4
1667,9,12/22/2019 0:00,11:35:00 AM,4,4
1668,31,12/22/2019 0:00,3:44:00 PM,5,5
1669,2,12/21/2019 0:00,6:38:00 AM,5,5
1670,28,12/21/2019 0:00,7:13:00 AM,5,5
1671,31,12/21/2019 0:00,7:51:00 AM,5,5
1672,23,12/21/2019 0:00,9:12:00 AM,5,5
1673,9,12/21/2019 0:00,9:27:00 AM,3,4
1674,2,12/21/2019 0:00,10:12:00 AM,5,5
1675,23,12/21/2019 0:00,12:39:00 PM,5,4
1676,40,12/21/2019 0:00,1:42:00 PM,5,4
1677,43,12/20/2019 0:00,6:05:00 AM,5,5
1678,35,12/20/2019 0:00,1:56:00 PM,5,5
1679,42,12/19/2019 0:00,5:18:00 AM,2,3
1680,17,12/19/2019 0:00,5:22:00 AM,5,5
1681,16,12/19/2019 0:00,6:40:00 AM,4,4
1682,22,12/19/2019 0:00,6:41:00 AM,4,5
1683,9,12/19/2019 0:00,6:43:00 AM,2,4
1684,40,12/19/2019 0:00,7:01:00 AM,2,3
1685,18,12/19/2019 0:00,7:59:00 AM,5,5
1686,27,12/19/2019 0:00,8:04:00 AM,5,5
1687,2,12/19/2019 0:00,3:31:00 PM,5,4
1688,9,12/19/2019 0:00,6:20:00 PM,5,5
1689,31,12/19/2019 0:00,7:41:00 PM,5,5
1690,32,12/18/2019 0:00,5:30:00 AM,3,3
1691,10,12/18/2019 0:00,6:22:00 AM,5,5
1692,19,12/18/2019 0:00,8:17:00 AM,5,5
1693,32,12/18/2019 0:00,8:53:00 AM,3,3
1694,33,12/18/2019 0:00,9:01:00 AM,3,3
1695,31,12/18/2019 0:00,1:46:00 PM,4,4
1696,32,12/18/2019 0:00,4:06:00 PM,4,4
1697,4,12/18/2019 0:00,7:40:00 PM,5,5
1698,9,12/18/2019 0:00,11:43:00 PM,4,4
1699,17,12/17/2019 0:00,5:22:00 AM,5,5
1700,32,12/17/2019 0:00,5:33:00 AM,5,5
1701,32,12/17/2019 0:00,5:50:00 AM,5,5
1702,10,12/17/2019 0:00,5:52:00 AM,5,5
1703,24,12/17/2019 0:00,6:16:00 AM,5,4
1704,31,12/17/2019 0:00,7:03:00 AM,5,5
1705,18,12/17/2019 0:00,7:04:00 AM,5,5
1706,21,12/17/2019 0:00,7:07:00 AM,1,1
1707,8,12/17/2019 0:00,8:06:00 AM,5,5
1708,9,12/17/2019 0:00,3:09:00 PM,5,5
1709,30,12/17/2019 0:00,4:23:00 PM,5,4
1710,40,12/17/2019 0:00,5:58:00 PM,5,5
1711,17,12/16/2019 0:00,6:14:00 AM,5,5
1712,6,12/16/2019 0:00,6:26:00 AM,5,5
1713,4,12/16/2019 0:00,8:02:00 AM,5,5
1714,21,12/16/2019 0:00,9:39:00 AM,5,5
1715,32,12/16/2019 0:00,11:35:00 AM,5,5
1716,27,12/16/2019 0:00,5:05:00 PM,5,5
1717,3,12/16/2019 0:00,10:52:00 PM,5,5
1718,39,12/15/2019 0:00,7:34:00 AM,5,4
1719,24,12/15/2019 0:00,5:12:00 PM,5,5
1720,12,12/15/2019 0:00,6:56:00 PM,4,4
1721,40,12/15/2019 0:00,11:25:00 PM,5,5
1722,9,12/14/2019 0:00,5:58:00 AM,1,2
1723,12,12/14/2019 0:00,6:06:00 AM,5,5
1724,23,12/14/2019 0:00,6:07:00 AM,4,4
1725,23,12/14/2019 0:00,7:07:00 AM,5,5
1726,23,12/14/2019 0:00,7:10:00 AM,5,5
1727,25,12/14/2019 0:00,7:35:00 AM,4,5
1728,2,12/14/2019 0:00,9:50:00 AM,4,4
1729,7,12/14/2019 0:00,10:07:00 AM,5,5
1730,42,12/14/2019 0:00,10:08:00 AM,3,3
1731,6,12/14/2019 0:00,10:25:00 AM,3,4
1732,9,12/14/2019 0:00,7:43:00 PM,5,3
1733,32,12/13/2019 0:00,4:13:00 PM,5,4
1734,40,12/13/2019 0:00,6:33:00 PM,4,4
1735,9,12/13/2019 0:00,7:59:00 PM,5,5
1736,9,12/13/2019 0:00,6:00:00 AM,5,4
1737,25,12/13/2019 0:00,6:45:00 AM,5,5
1738,40,12/13/2019 0:00,8:55:00 AM,5,5
1739,15,12/13/2019 0:00,1:25:00 PM,4,4
1740,13,12/13/2019 0:00,2:37:00 PM,5,5
1741,9,12/12/2019 0:00,5:29:00 AM,5,5
1742,20,12/12/2019 0:00,5:31:00 AM,5,5
1743,43,12/12/2019 0:00,6:17:00 AM,5,5
1744,9,12/12/2019 0:00,6:31:00 AM,3,3
1745,32,12/12/2019 0:00,4:54:00 PM,5,5
1746,30,12/12/2019 0:00,8:33:00 PM,5,4
1747,40,12/11/2019 0:00,1:32:00 AM,4,4
1748,19,12/11/2019 0:00,5:18:00 AM,5,5
1749,13,12/11/2019 0:00,7:31:00 AM,5,5
1750,23,12/11/2019 0:00,8:03:00 AM,5,5
1751,23,12/11/2019 0:00,8:16:00 AM,5,5
1752,40,12/11/2019 0:00,8:48:00 AM,5,5
1753,30,12/11/2019 0:00,9:46:00 AM,5,5
1754,9,12/11/2019 0:00,10:11:00 AM,5,5
1755,2,12/11/2019 0:00,10:43:00 AM,4,4
1756,32,12/11/2019 0:00,2:32:00 PM,5,5
1757,2,12/11/2019 0:00,6:33:00 PM,4,4
1758,22,12/10/2019 0:00,5:30:00 AM,5,5
1759,9,12/10/2019 0:00,6:50:00 AM,4,4
1760,13,12/10/2019 0:00,8:17:00 AM,5,5
1761,1,12/10/2019 0:00,9:09:00 AM,4,4
1762,25,12/10/2019 0:00,9:24:00 AM,4,5
1763,4,12/10/2019 0:00,9:27:00 AM,3,3
1764,20,12/10/2019 0:00,11:06:00 AM,3,3
1765,8,12/10/2019 0:00,11:48:00 AM,5,5
1766,43,12/10/2019 0:00,12:49:00 PM,5,5
1767,31,12/10/2019 0:00,2:09:00 PM,4,4
1768,9,12/10/2019 0:00,5:56:00 PM,4,4
1769,31,12/9/2019 0:00,1:49:00 PM,5,5
1770,9,12/9/2019 0:00,9:32:00 PM,5,5
1771,40,12/9/2019 0:00,6:48:00 AM,5,5
1772,6,12/9/2019 0:00,10:56:00 AM,5,5
1773,15,12/9/2019 0:00,1:50:00 PM,5,5
1774,25,12/7/2019 0:00,3:20:00 AM,4,4
1775,9,12/7/2019 0:00,5:16:00 AM,4,3
1776,40,12/7/2019 0:00,6:23:00 AM,5,5
1777,32,12/7/2019 0:00,7:48:00 AM,4,4
1778,9,12/7/2019 0:00,7:44:00 AM,5,3
1779,9,12/7/2019 0:00,9:45:00 AM,5,5
1780,31,12/7/2019 0:00,10:38:00 AM,4,4
1781,17,12/7/2019 0:00,10:51:00 AM,5,4
1782,18,12/7/2019 0:00,11:42:00 AM,4,4
1783,30,12/7/2019 0:00,1:15:00 PM,5,5
1784,9,12/7/2019 0:00,3:04:00 PM,5,5
1785,42,12/6/2019 0:00,8:55:00 AM,4,5
1786,23,12/6/2019 0:00,10:06:00 AM,5,5
1787,32,12/6/2019 0:00,10:28:00 AM,5,5
1788,16,12/6/2019 0:00,12:28:00 PM,5,5
1789,11,12/6/2019 0:00,3:32:00 PM,3,3
1790,23,12/6/2019 0:00,6:47:00 AM,4,4
1791,40,12/5/2019 0:00,3:33:00 PM,5,5
1792,40,12/5/2019 0:00,6:10:00 PM,4,4
1793,31,12/5/2019 0:00,11:07:00 PM,5,5
1794,22,12/5/2019 0:00,6:26:00 AM,5,5
1795,24,12/5/2019 0:00,10:03:00 AM,4,4
1796,31,12/5/2019 0:00,10:11:00 AM,5,4
1797,23,12/5/2019 0:00,11:01:00 AM,5,5
1798,19,12/5/2019 0:00,12:56:00 PM,4,4
1799,9,12/5/2019 0:00,2:40:00 PM,4,4
1800,31,12/4/2019 0:00,7:11:00 AM,4,4
1801,38,12/4/2019 0:00,7:30:00 AM,4,4
1802,31,12/4/2019 0:00,7:40:00 AM,5,5
1803,40,12/4/2019 0:00,10:17:00 AM,5,5
1804,2,12/4/2019 0:00,11:35:00 AM,5,4
1805,9,12/4/2019 0:00,5:45:00 PM,5,5
1806,3,12/3/2019 0:00,5:09:00 AM,4,5
1807,23,12/3/2019 0:00,6:53:00 AM,4,4
1808,20,12/3/2019 0:00,7:18:00 AM,5,5
1809,9,12/3/2019 0:00,8:13:00 AM,4,5
1810,31,12/3/2019 0:00,8:59:00 AM,4,5
1811,32,12/3/2019 0:00,8:55:00 AM,4,4
1812,26,12/2/2019 0:00,7:43:00 AM,4,4
1813,30,12/2/2019 0:00,12:11:00 PM,5,5
1814,9,12/2/2019 0:00,8:45:00 PM,5,5
1815,9,12/1/2019 0:00,9:25:00 AM,1,3
1816,40,12/1/2019 0:00,6:34:00 PM,5,5
1817,31,11/30/2019 0:00,1:04:00 PM,4,4
1818,25,11/30/2019 0:00,5:30:00 PM,4,5
1819,40,11/29/2019 0:00,5:31:00 AM,1,3
1820,34,11/29/2019 0:00,6:30:00 AM,2,2
1821,37,11/29/2019 0:00,8:25:00 AM,5,5
1822,43,11/29/2019 0:00,3:16:00 PM,5,5
1823,9,11/28/2019 0:00,8:45:00 AM,1,1
1824,13,11/28/2019 0:00,10:41:00 AM,4,4
1825,40,11/28/2019 0:00,12:22:00 PM,5,5
1826,35,11/28/2019 0:00,6:38:00 PM,5,5
1827,25,11/27/2019 0:00,5:38:00 AM,5,5
1828,31,11/27/2019 0:00,8:37:00 AM,5,5
1829,32,11/27/2019 0:00,8:39:00 AM,5,5
1830,9,11/27/2019 0:00,10:04:00 AM,3,3
1831,9,11/27/2019 0:00,12:41:00 PM,5,5
1832,9,11/26/2019 0:00,6:32:00 AM,4,4
1833,4,11/26/2019 0:00,7:14:00 AM,4,4
1834,23,11/26/2019 0:00,9:19:00 AM,5,5
1835,31,11/26/2019 0:00,10:35:00 AM,5,5
1836,2,11/26/2019 0:00,5:09:00 PM,5,5
1837,43,11/26/2019 0:00,8:23:00 PM,4,4
1838,31,11/26/2019 0:00,6:31:00 AM,5,5
1839,40,11/26/2019 0:00,5:08:00 AM,5,5
1840,25,11/25/2019 0:00,9:35:00 PM,5,5
1841,23,11/24/2019 0:00,5:56:00 AM,5,5
1842,25,11/24/2019 0:00,9:05:00 AM,5,5
1843,19,11/24/2019 0:00,10:23:00 AM,5,3
1844,15,11/23/2019 0:00,5:15:00 AM,5,5
1845,38,11/23/2019 0:00,7:44:00 AM,5,5
1846,38,11/23/2019 0:00,1:43:00 PM,5,5
1847,28,11/22/2019 0:00,5:35:00 AM,5,5
1848,34,11/22/2019 0:00,7:16:00 AM,5,5
1849,25,11/22/2019 0:00,7:21:00 AM,5,4
1850,9,11/22/2019 0:00,7:43:00 AM,5,5
1851,15,11/22/2019 0:00,8:40:00 AM,4,4
1852,17,11/22/2019 0:00,11:52:00 PM,5,4
1853,25,11/21/2019 0:00,7:05:00 AM,5,5
1854,26,11/21/2019 0:00,8:22:00 AM,5,5
1855,40,11/21/2019 0:00,8:55:00 AM,5,4
1856,31,11/21/2019 0:00,10:19:00 AM,5,5
1857,40,11/21/2019 0:00,12:27:00 PM,1,1
1858,22,11/21/2019 0:00,7:18:00 PM,4,4
1859,23,11/20/2019 0:00,5:18:00 AM,5,5
1860,9,11/20/2019 0:00,5:10:00 AM,4,4
1861,8,11/20/2019 0:00,7:00:00 AM,5,4
1862,9,11/20/2019 0:00,7:06:00 AM,3,3
1863,22,11/20/2019 0:00,7:41:00 AM,5,4
1864,40,11/20/2019 0:00,8:21:00 AM,5,5
1865,23,11/20/2019 0:00,8:28:00 AM,5,4
1866,23,11/20/2019 0:00,9:29:00 AM,5,5
1867,23,11/20/2019 0:00,9:06:00 AM,5,5
1868,15,11/20/2019 0:00,9:51:00 AM,4,4
1869,9,11/20/2019 0:00,11:52:00 AM,4,4
1870,9,11/20/2019 0:00,1:53:00 PM,5,5
1871,31,11/19/2019 0:00,7:16:00 AM,4,5
1872,23,11/19/2019 0:00,7:42:00 AM,4,4
1873,32,11/19/2019 0:00,7:53:00 AM,5,5
1874,8,11/19/2019 0:00,8:28:00 AM,4,4
1875,25,11/19/2019 0:00,9:15:00 AM,4,4
1876,10,11/19/2019 0:00,11:26:00 AM,5,5
1877,28,11/19/2019 0:00,12:21:00 PM,5,5
1878,31,11/19/2019 0:00,8:13:00 PM,5,5
1879,4,11/19/2019 0:00,6:20:00 AM,5,4
1880,30,11/18/2019 0:00,1:06:00 AM,5,5
1881,32,11/18/2019 0:00,1:02:00 PM,3,3
1882,21,11/17/2019 0:00,8:20:00 AM,5,5
1883,2,11/17/2019 0:00,3:52:00 PM,4,4
1884,27,11/16/2019 0:00,4:03:00 PM,4,3
1885,29,11/16/2019 0:00,11:28:00 PM,4,4
1886,30,11/16/2019 0:00,6:27:00 AM,5,5
1887,4,11/16/2019 0:00,9:14:00 AM,5,5
1888,24,11/16/2019 0:00,9:21:00 AM,5,5
1889,27,11/16/2019 0:00,3:13:00 PM,4,4
1890,42,11/16/2019 0:00,3:41:00 PM,5,4
1891,32,11/15/2019 0:00,11:44:00 AM,5,5
1892,30,11/15/2019 0:00,11:52:00 AM,5,5
1893,9,11/15/2019 0:00,1:28:00 PM,4,4
1894,5,11/15/2019 0:00,6:40:00 PM,5,5
1895,32,11/15/2019 0:00,8:21:00 PM,5,5
1896,9,11/14/2019 0:00,6:04:00 AM,4,5
1897,25,11/14/2019 0:00,8:24:00 AM,2,1
1898,43,11/14/2019 0:00,8:45:00 AM,5,5
1899,9,11/14/2019 0:00,9:21:00 AM,5,5
1900,11,11/14/2019 0:00,8:21:00 PM,4,3
1901,3,11/13/2019 0:00,9:56:00 AM,5,5
1902,25,11/13/2019 0:00,10:55:00 AM,5,5
1903,42,11/13/2019 0:00,11:17:00 AM,5,5
1904,9,11/13/2019 0:00,5:00:00 PM,4,4
1905,23,11/13/2019 0:00,6:03:00 PM,4,4
1906,2,11/13/2019 0:00,7:39:00 PM,5,5
1907,13,11/12/2019 0:00,8:29:00 AM,4,4
1908,19,11/12/2019 0:00,8:49:00 PM,4,4
1909,2,11/11/2019 0:00,8:37:00 AM,5,5
1910,13,11/11/2019 0:00,2:27:00 PM,5,4
1911,32,11/11/2019 0:00,4:52:00 PM,5,5
1912,2,11/10/2019 0:00,7:38:00 PM,4,4
1913,21,11/10/2019 0:00,7:51:00 PM,4,5
1914,31,11/10/2019 0:00,9:17:00 PM,3,3
1915,31,11/10/2019 0:00,10:16:00 PM,4,4
1916,11,11/10/2019 0:00,6:15:00 AM,5,5
1917,9,11/10/2019 0:00,7:27:00 AM,5,5
1918,9,11/10/2019 0:00,9:39:00 AM,5,5
1919,4,11/10/2019 0:00,9:47:00 AM,5,5
1920,13,11/10/2019 0:00,10:50:00 AM,4,4
1921,9,11/10/2019 0:00,2:20:00 PM,5,5
1922,9,11/10/2019 0:00,2:23:00 PM,2,4
1923,29,11/10/2019 0:00,4:10:00 PM,4,4
1924,25,11/9/2019 0:00,6:49:00 AM,5,5
1925,30,11/9/2019 0:00,8:28:00 AM,5,5
1926,23,11/9/2019 0:00,8:51:00 AM,5,4
1927,24,11/9/2019 0:00,8:59:00 AM,5,5
1928,32,11/9/2019 0:00,9:43:00 AM,5,4
1929,40,11/9/2019 0:00,9:54:00 AM,4,4
1930,9,11/9/2019 0:00,2:04:00 PM,5,5
1931,31,11/9/2019 0:00,4:40:00 PM,5,4
1932,40,11/9/2019 0:00,8:15:00 PM,4,4
1933,40,11/8/2019 0:00,11:04:00 AM,4,4
1934,9,11/8/2019 0:00,1:48:00 PM,5,5
1935,9,11/8/2019 0:00,5:56:00 PM,4,4
1936,3,11/8/2019 0:00,5:25:00 AM,5,5
1937,23,11/8/2019 0:00,6:59:00 AM,5,5
1938,9,11/8/2019 0:00,7:43:00 AM,4,4
1939,23,11/8/2019 0:00,8:05:00 AM,5,5
1940,23,11/8/2019 0:00,10:09:00 AM,5,5
1941,31,11/8/2019 0:00,10:49:00 AM,5,5
1942,9,11/7/2019 0:00,8:20:00 AM,5,5
1943,22,11/7/2019 0:00,7:54:00 AM,5,4
1944,9,11/7/2019 0:00,8:30:00 AM,5,5
1945,9,11/7/2019 0:00,11:14:00 AM,5,5
1946,9,11/7/2019 0:00,12:25:00 PM,4,4
1947,9,11/7/2019 0:00,1:19:00 PM,5,5
1948,9,11/7/2019 0:00,7:53:00 PM,4,4
1949,32,11/7/2019 0:00,5:03:00 AM,5,5
1950,13,11/7/2019 0:00,5:13:00 AM,4,4
1951,31,11/7/2019 0:00,7:49:00 AM,5,5
1952,40,11/7/2019 0:00,8:06:00 AM,4,4
1953,9,11/6/2019 0:00,5:06:00 PM,5,5
1954,9,11/6/2019 0:00,7:44:00 PM,4,4
1955,31,11/6/2019 0:00,5:35:00 AM,5,4
1956,38,11/6/2019 0:00,7:17:00 AM,5,5
1957,4,11/6/2019 0:00,7:19:00 AM,5,5
1958,40,11/6/2019 0:00,8:06:00 AM,5,5
1959,9,11/6/2019 0:00,8:07:00 AM,5,5
1960,25,11/6/2019 0:00,8:25:00 AM,5,5
1961,22,11/6/2019 0:00,9:39:00 AM,5,5
1962,8,11/6/2019 0:00,10:55:00 AM,1,1
1963,2,11/6/2019 0:00,12:55:00 PM,5,5
1964,31,11/6/2019 0:00,2:30:00 PM,4,5
1965,2,11/6/2019 0:00,2:37:00 PM,5,5
1966,22,11/6/2019 0:00,2:57:00 PM,5,5
1967,17,11/5/2019 0:00,1:21:00 AM,4,5
1968,23,11/5/2019 0:00,5:42:00 AM,5,5
1969,22,11/5/2019 0:00,6:43:00 AM,5,5
1970,25,11/5/2019 0:00,7:02:00 AM,5,5
1971,23,11/5/2019 0:00,7:03:00 AM,5,5
1972,2,11/5/2019 0:00,8:17:00 AM,5,5
1973,40,11/5/2019 0:00,8:21:00 AM,5,5
1974,43,11/5/2019 0:00,8:28:00 AM,5,5
1975,11,11/5/2019 0:00,11:39:00 AM,3,4
1976,31,11/5/2019 0:00,12:12:00 PM,4,3
1977,37,11/5/2019 0:00,12:41:00 PM,5,5
1978,2,11/5/2019 0:00,3:49:00 PM,5,5
1979,25,11/5/2019 0:00,4:29:00 PM,4,4
1980,5,11/5/2019 0:00,5:30:00 PM,5,5
1981,25,11/5/2019 0:00,9:12:00 PM,5,5
1982,40,11/4/2019 0:00,8:53:00 AM,5,5
1983,23,11/4/2019 0:00,9:07:00 AM,5,5
1984,23,11/4/2019 0:00,11:01:00 AM,4,4
1985,19,11/4/2019 0:00,12:21:00 PM,5,5
1986,23,11/4/2019 0:00,1:55:00 PM,5,5
1987,35,11/4/2019 0:00,8:29:00 PM,5,5
1988,10,11/4/2019 0:00,9:38:00 PM,5,5
1989,32,11/4/2019 0:00,6:36:00 AM,5,5
1990,9,11/4/2019 0:00,6:54:00 AM,5,5
1991,25,11/4/2019 0:00,7:01:00 AM,5,5
1992,9,11/4/2019 0:00,8:16:00 AM,5,5
1993,9,11/3/2019 0:00,4:47:00 AM,5,5
1994,18,11/3/2019 0:00,6:56:00 AM,4,4
1995,25,11/3/2019 0:00,8:35:00 AM,5,5
1996,19,11/3/2019 0:00,8:58:00 AM,5,5
1997,25,11/3/2019 0:00,10:10:00 AM,5,5
1998,43,11/3/2019 0:00,2:12:00 PM,5,5
1999,2,11/3/2019 0:00,5:56:00 PM,5,5
2000,26,11/2/2019 0:00,2:19:00 PM,5,4
2001,30,11/2/2019 0:00,4:30:00 PM,5,5
2002,31,11/2/2019 0:00,5:21:00 PM,5,5
2003,9,11/1/2019 0:00,7:02:00 AM,3,4
2004,32,11/1/2019 0:00,7:17:00 AM,5,5
2005,6,11/1/2019 0:00,9:00:00 AM,4,5
2006,19,11/1/2019 0:00,12:00:00 PM,4,4
2007,21,10/31/2019 0:00,3:43:00 AM,5,5
2008,31,10/31/2019 0:00,4:48:00 AM,5,5
2009,9,10/31/2019 0:00,6:55:00 AM,5,5
2010,40,10/31/2019 0:00,8:22:00 AM,5,5
2011,10,10/31/2019 0:00,8:21:00 AM,4,4
2012,37,10/31/2019 0:00,9:49:00 AM,5,5
2013,10,10/31/2019 0:00,2:35:00 PM,5,5
2014,3,10/30/2019 0:00,2:31:00 AM,5,5
2015,13,10/30/2019 0:00,6:09:00 AM,5,5
2016,2,10/30/2019 0:00,7:33:00 AM,5,4
2017,31,10/30/2019 0:00,7:45:00 AM,4,5
2018,29,10/30/2019 0:00,8:51:00 AM,3,3
2019,20,10/30/2019 0:00,7:24:00 PM,4,4
2020,31,10/29/2019 0:00,12:31:00 PM,4,4
2021,43,10/29/2019 0:00,2:25:00 PM,5,5
2022,9,10/29/2019 0:00,3:57:00 PM,5,5
2023,13,10/29/2019 0:00,4:02:00 PM,5,5
2024,19,10/29/2019 0:00,3:45:00 PM,5,5
2025,26,10/29/2019 0:00,4:23:00 PM,3,3
2026,38,10/29/2019 0:00,4:39:00 PM,4,4
2027,25,10/29/2019 0:00,5:02:00 PM,5,5
2028,2,10/29/2019 0:00,5:22:00 PM,5,5
2029,4,10/29/2019 0:00,8:23:00 PM,5,5
2030,10,10/29/2019 0:00,8:13:00 PM,4,4
2031,19,10/29/2019 0:00,9:35:00 PM,5,5
2032,25,10/29/2019 0:00,8:44:00 AM,5,5
2033,9,10/29/2019 0:00,9:40:00 AM,4,4
2034,25,10/29/2019 0:00,10:13:00 AM,4,4
2035,23,10/29/2019 0:00,11:33:00 AM,5,5
2036,40,10/28/2019 0:00,3:12:00 PM,4,4
2037,25,10/28/2019 0:00,3:55:00 PM,5,5
2038,19,10/28/2019 0:00,5:00:00 PM,5,5
2039,32,10/28/2019 0:00,6:08:00 AM,5,5
2040,9,10/28/2019 0:00,7:15:00 AM,3,3
2041,40,10/28/2019 0:00,9:14:00 AM,5,5
2042,22,10/27/2019 0:00,12:26:00 AM,5,5
2043,31,10/27/2019 0:00,2:51:00 AM,5,5
2044,22,10/27/2019 0:00,5:32:00 AM,4,4
2045,19,10/27/2019 0:00,8:14:00 AM,5,5
2046,8,10/27/2019 0:00,11:04:00 AM,5,5
2047,18,10/27/2019 0:00,6:54:00 PM,5,5
2048,29,10/27/2019 0:00,7:26:00 PM,4,4
2049,23,10/27/2019 0:00,7:42:00 PM,5,5
2050,13,10/26/2019 0:00,5:46:00 AM,5,5
2051,23,10/26/2019 0:00,6:13:00 AM,5,4
2052,1,10/26/2019 0:00,6:28:00 AM,5,5
2053,40,10/26/2019 0:00,6:44:00 AM,5,5
2054,15,10/26/2019 0:00,8:13:00 AM,4,5
2055,20,10/26/2019 0:00,8:25:00 AM,5,5
2056,32,10/26/2019 0:00,8:40:00 AM,5,5
2057,22,10/26/2019 0:00,10:40:00 AM,4,4
2058,31,10/26/2019 0:00,12:08:00 PM,5,5
2059,40,10/26/2019 0:00,5:02:00 PM,5,5
2060,8,10/25/2019 0:00,8:19:00 AM,5,5
2061,2,10/25/2019 0:00,8:42:00 AM,3,5
2062,6,10/25/2019 0:00,10:06:00 AM,4,5
2063,43,10/25/2019 0:00,10:47:00 AM,5,5
2064,9,10/25/2019 0:00,2:49:00 PM,4,4
2065,28,10/25/2019 0:00,9:48:00 PM,5,5
2066,10,10/25/2019 0:00,6:11:00 AM,4,4
2067,9,10/24/2019 0:00,7:35:00 AM,5,5
2068,6,10/24/2019 0:00,7:56:00 AM,3,4
2069,25,10/24/2019 0:00,9:19:00 AM,5,5
2070,22,10/24/2019 0:00,11:44:00 AM,5,5
2071,9,10/24/2019 0:00,7:57:00 PM,5,5
2072,9,10/24/2019 0:00,6:15:00 AM,5,4
2073,22,10/24/2019 0:00,6:29:00 AM,4,4
2074,9,10/23/2019 0:00,5:15:00 PM,5,5
2075,8,10/23/2019 0:00,7:26:00 PM,5,4
2076,32,10/23/2019 0:00,10:03:00 PM,3,4
2077,32,10/23/2019 0:00,5:46:00 AM,5,5
2078,19,10/23/2019 0:00,8:31:00 AM,5,5
2079,31,10/23/2019 0:00,11:54:00 AM,5,5
2080,26,10/23/2019 0:00,12:38:00 PM,5,5
2081,41,10/23/2019 0:00,4:50:00 PM,5,5
2082,10,10/23/2019 0:00,4:59:00 PM,2,4
2083,19,10/22/2019 0:00,12:33:00 PM,5,5
2084,32,10/22/2019 0:00,1:03:00 PM,4,4
2085,34,10/22/2019 0:00,3:29:00 PM,5,5
2086,24,10/22/2019 0:00,5:43:00 PM,5,4
2087,2,10/22/2019 0:00,6:41:00 PM,5,4
2088,40,10/22/2019 0:00,7:52:00 PM,5,5
2089,23,10/22/2019 0:00,9:27:00 PM,5,5
2090,28,10/22/2019 0:00,6:00:00 AM,5,5
2091,40,10/22/2019 0:00,6:50:00 AM,5,5
2092,40,10/22/2019 0:00,7:00:00 AM,5,5
2093,10,10/22/2019 0:00,8:02:00 AM,4,4
2094,40,10/22/2019 0:00,8:03:00 AM,5,5
2095,8,10/22/2019 0:00,8:42:00 AM,5,1
2096,40,10/22/2019 0:00,8:48:00 AM,5,5
2097,9,10/22/2019 0:00,8:54:00 AM,5,5
2098,33,10/22/2019 0:00,9:31:00 AM,3,4
2099,40,10/22/2019 0:00,10:47:00 AM,5,5
2100,9,10/21/2019 0:00,8:55:00 AM,3,4
2101,2,10/21/2019 0:00,9:49:00 AM,4,5
2102,6,10/21/2019 0:00,11:51:00 AM,5,4
2103,9,10/21/2019 0:00,4:03:00 PM,5,5
2104,19,10/21/2019 0:00,5:26:00 AM,4,4
2105,32,10/21/2019 0:00,6:15:00 AM,4,4
2106,43,10/21/2019 0:00,8:19:00 AM,3,3
2107,4,10/21/2019 0:00,8:31:00 AM,3,4
2108,11,10/20/2019 0:00,2:06:00 AM,5,5
2109,26,10/20/2019 0:00,9:23:00 AM,5,5
2110,28,10/20/2019 0:00,9:33:00 AM,4,4
2111,24,10/20/2019 0:00,4:27:00 PM,5,5
2112,9,10/20/2019 0:00,6:35:00 PM,5,5
2113,19,10/19/2019 0:00,5:57:00 AM,5,5
2114,10,10/19/2019 0:00,7:24:00 AM,5,5
2115,9,10/19/2019 0:00,7:17:00 AM,5,5
2116,23,10/19/2019 0:00,8:36:00 AM,5,5
2117,9,10/19/2019 0:00,9:21:00 AM,5,5
2118,8,10/19/2019 0:00,10:12:00 AM,5,5
2119,20,10/19/2019 0:00,2:45:00 PM,5,5
2120,13,10/19/2019 0:00,3:02:00 PM,5,4
2121,24,10/19/2019 0:00,6:33:00 PM,3,4
2122,26,10/19/2019 0:00,8:23:00 PM,5,4
2123,40,10/18/2019 0:00,6:21:00 AM,4,4
2124,42,10/18/2019 0:00,6:41:00 AM,5,4
2125,13,10/18/2019 0:00,6:45:00 AM,5,4
2126,28,10/18/2019 0:00,7:10:00 AM,5,5
2127,9,10/18/2019 0:00,8:09:00 AM,5,5
2128,43,10/18/2019 0:00,8:33:00 AM,4,4
2129,13,10/18/2019 0:00,10:07:00 AM,5,5
2130,31,10/18/2019 0:00,10:06:00 AM,3,3
2131,23,10/18/2019 0:00,5:03:00 PM,5,4
2132,1,10/18/2019 0:00,7:12:00 PM,3,3
2133,10,10/17/2019 0:00,6:50:00 AM,4,4
2134,28,10/17/2019 0:00,7:09:00 AM,4,4
2135,9,10/17/2019 0:00,7:21:00 AM,5,5
2136,12,10/17/2019 0:00,8:37:00 AM,5,5
2137,19,10/17/2019 0:00,8:52:00 AM,4,3
2138,9,10/17/2019 0:00,10:11:00 AM,5,5
2139,9,10/17/2019 0:00,2:12:00 PM,4,4
2140,19,10/17/2019 0:00,3:00:00 PM,5,5
2141,40,10/17/2019 0:00,3:40:00 PM,4,4
2142,31,10/17/2019 0:00,6:30:00 PM,4,4
2143,11,10/17/2019 0:00,7:39:00 PM,4,3
2144,1,10/17/2019 0:00,8:10:00 PM,5,5
2145,26,10/17/2019 0:00,3:08:00 AM,4,4
2146,26,10/16/2019 0:00,5:45:00 AM,4,4
2147,31,10/16/2019 0:00,6:53:00 AM,4,4
2148,17,10/16/2019 0:00,8:17:00 AM,3,4
2149,6,10/16/2019 0:00,8:36:00 AM,5,5
2150,17,10/15/2019 0:00,5:27:00 AM,5,5
2151,9,10/15/2019 0:00,5:27:00 AM,4,4
2152,35,10/15/2019 0:00,5:45:00 AM,5,5
2153,1,10/15/2019 0:00,5:33:00 AM,5,5
2154,31,10/15/2019 0:00,6:12:00 AM,5,5
2155,9,10/15/2019 0:00,6:17:00 AM,5,5
2156,23,10/15/2019 0:00,6:18:00 AM,5,5
2157,4,10/15/2019 0:00,7:47:00 AM,5,5
2158,6,10/15/2019 0:00,8:56:00 AM,4,4
2159,19,10/15/2019 0:00,10:04:00 AM,5,5
2160,23,10/15/2019 0:00,12:08:00 PM,4,4
2161,1,10/15/2019 0:00,12:23:00 PM,5,5
2162,42,10/15/2019 0:00,2:45:00 PM,4,4
2163,28,10/15/2019 0:00,7:31:00 PM,5,5
2164,9,10/15/2019 0:00,9:25:00 PM,5,5
2165,2,10/14/2019 0:00,6:05:00 AM,5,5
2166,31,10/14/2019 0:00,6:46:00 AM,5,5
2167,1,10/14/2019 0:00,7:30:00 AM,5,4
2168,32,10/14/2019 0:00,3:20:00 PM,5,5
2169,2,10/14/2019 0:00,4:45:00 PM,5,5
2170,3,10/13/2019 0:00,2:11:00 PM,5,5
2171,11,10/13/2019 0:00,4:55:00 PM,5,5
2172,9,10/13/2019 0:00,6:09:00 PM,5,5
2173,26,10/13/2019 0:00,9:07:00 PM,5,5
2174,31,10/12/2019 0:00,11:34:00 AM,5,5
2175,31,10/12/2019 0:00,11:45:00 AM,4,4
2176,2,10/12/2019 0:00,4:54:00 PM,4,4
2177,30,10/12/2019 0:00,10:44:00 PM,5,4
2178,2,10/11/2019 0:00,6:43:00 AM,5,5
2179,9,10/11/2019 0:00,7:39:00 AM,4,4
2180,26,10/11/2019 0:00,7:45:00 AM,5,5
2181,1,10/11/2019 0:00,7:54:00 AM,4,4
2182,9,10/11/2019 0:00,8:12:00 AM,5,5
2183,31,10/11/2019 0:00,9:30:00 AM,5,5
2184,9,10/11/2019 0:00,9:51:00 AM,5,5
2185,26,10/11/2019 0:00,5:32:00 PM,3,4
2186,3,10/11/2019 0:00,6:40:00 PM,4,4
2187,31,10/10/2019 0:00,6:41:00 AM,5,5
2188,43,10/10/2019 0:00,6:42:00 AM,4,4
2189,17,10/10/2019 0:00,6:48:00 AM,4,4
2190,8,10/10/2019 0:00,7:53:00 AM,3,4
2191,32,10/10/2019 0:00,8:23:00 AM,4,4
2192,33,10/10/2019 0:00,9:18:00 AM,5,5
2193,40,10/10/2019 0:00,12:15:00 PM,3,3
2194,17,10/10/2019 0:00,12:32:00 PM,5,5
2195,25,10/10/2019 0:00,1:27:00 PM,3,3
2196,28,10/10/2019 0:00,3:07:00 PM,5,5
2197,6,10/10/2019 0:00,6:58:00 PM,5,4
2198,43,10/9/2019 0:00,5:13:00 AM,5,5
2199,29,10/9/2019 0:00,5:45:00 AM,5,5
2200,9,10/9/2019 0:00,5:56:00 AM,5,5
2201,8,10/9/2019 0:00,6:08:00 AM,4,5
2202,22,10/9/2019 0:00,6:20:00 AM,5,5
2203,23,10/9/2019 0:00,7:02:00 AM,4,3
2204,10,10/9/2019 0:00,7:04:00 AM,5,5
2205,19,10/9/2019 0:00,7:22:00 AM,5,5
2206,22,10/9/2019 0:00,7:36:00 AM,5,5
2207,9,10/9/2019 0:00,8:28:00 AM,5,4
2208,9,10/9/2019 0:00,8:48:00 AM,5,5
2209,40,10/9/2019 0:00,8:54:00 AM,4,4
2210,32,10/9/2019 0:00,9:43:00 AM,4,5
2211,28,10/9/2019 0:00,3:02:00 PM,4,4
2212,9,10/8/2019 0:00,5:20:00 AM,4,4
2213,9,10/8/2019 0:00,5:39:00 AM,5,5
2214,4,10/8/2019 0:00,6:00:00 AM,5,5
2215,32,10/8/2019 0:00,6:29:00 AM,5,5
2216,23,10/8/2019 0:00,7:39:00 AM,4,4
2217,22,10/8/2019 0:00,8:48:00 AM,5,5
2218,12,10/8/2019 0:00,8:57:00 AM,4,4
2219,43,10/8/2019 0:00,9:05:00 AM,5,4
2220,43,10/8/2019 0:00,9:27:00 AM,5,5
2221,4,10/8/2019 0:00,9:33:00 AM,5,4
2222,27,10/8/2019 0:00,9:01:00 AM,3,4
2223,31,10/8/2019 0:00,4:10:00 PM,4,4
2224,22,10/8/2019 0:00,5:29:00 PM,5,5
2225,27,10/8/2019 0:00,5:42:00 PM,5,5
2226,2,10/8/2019 0:00,7:57:00 PM,5,5
2227,23,10/8/2019 0:00,8:13:00 PM,5,4
2228,40,10/8/2019 0:00,11:18:00 PM,5,5
2229,42,10/7/2019 0:00,6:51:00 AM,5,5
2230,34,10/7/2019 0:00,7:17:00 AM,5,5
2231,9,10/7/2019 0:00,7:21:00 AM,5,5
2232,25,10/7/2019 0:00,9:37:00 AM,3,3
2233,27,10/7/2019 0:00,11:11:00 AM,5,5
2234,32,10/7/2019 0:00,2:29:00 PM,4,4
2235,25,10/7/2019 0:00,10:06:00 PM,4,4
2236,15,10/7/2019 0:00,10:45:00 PM,5,5
2237,40,10/6/2019 0:00,5:06:00 AM,5,5
2238,43,10/6/2019 0:00,6:19:00 AM,4,4
2239,31,10/6/2019 0:00,9:28:00 AM,4,5
2240,32,10/6/2019 0:00,12:38:00 PM,5,4
2241,31,10/6/2019 0:00,1:41:00 PM,5,4
2242,9,10/6/2019 0:00,3:03:00 PM,5,5
2243,28,10/6/2019 0:00,6:11:00 PM,5,5
2244,13,10/6/2019 0:00,7:18:00 PM,5,5
2245,9,10/5/2019 0:00,8:43:00 AM,5,5
2246,19,10/5/2019 0:00,9:35:00 AM,5,5
2247,40,10/5/2019 0:00,9:45:00 AM,5,5
2248,9,10/5/2019 0:00,11:43:00 AM,5,5
2249,25,10/5/2019 0:00,12:35:00 PM,5,5
2250,32,10/5/2019 0:00,3:41:00 AM,4,4
2251,23,10/5/2019 0:00,5:26:00 AM,4,4
2252,1,10/5/2019 0:00,6:43:00 AM,5,5
2253,40,10/5/2019 0:00,6:59:00 AM,5,5
2254,3,10/5/2019 0:00,7:51:00 AM,5,5
2255,23,10/5/2019 0:00,8:24:00 AM,3,3
2256,19,10/4/2019 0:00,9:26:00 AM,5,4
2257,31,10/4/2019 0:00,9:48:00 AM,5,5
2258,9,10/4/2019 0:00,12:55:00 PM,5,4
2259,31,10/4/2019 0:00,1:16:00 PM,5,5
2260,25,10/4/2019 0:00,6:15:00 PM,5,3
2261,9,10/4/2019 0:00,9:14:00 PM,5,5
2262,26,10/4/2019 0:00,4:14:00 AM,5,5
2263,24,10/4/2019 0:00,5:22:00 AM,5,5
2264,20,10/4/2019 0:00,7:16:00 AM,5,5
2265,31,10/4/2019 0:00,7:18:00 AM,5,5
2266,22,10/4/2019 0:00,7:36:00 AM,4,5
2267,9,10/3/2019 0:00,2:33:00 PM,5,4
2268,9,10/3/2019 0:00,5:33:00 AM,4,4
2269,32,10/3/2019 0:00,6:31:00 AM,3,3
2270,22,10/3/2019 0:00,8:02:00 AM,5,5
2271,25,10/3/2019 0:00,8:18:00 AM,4,4
2272,40,10/3/2019 0:00,8:22:00 AM,4,5
2273,32,10/2/2019 0:00,5:28:00 AM,5,4
2274,40,10/2/2019 0:00,6:41:00 AM,5,5
2275,9,10/2/2019 0:00,7:23:00 AM,5,5
2276,23,10/2/2019 0:00,7:28:00 AM,4,4
2277,28,10/2/2019 0:00,7:41:00 AM,4,3
2278,23,10/2/2019 0:00,8:45:00 AM,5,5
2279,42,10/2/2019 0:00,11:11:00 AM,5,5
2280,31,10/2/2019 0:00,3:19:00 PM,5,5
2281,8,10/2/2019 0:00,6:01:00 PM,5,5
2282,25,10/2/2019 0:00,9:04:00 PM,5,5
2283,31,10/1/2019 0:00,5:49:00 AM,5,4
2284,31,10/1/2019 0:00,6:52:00 AM,4,4
2285,31,10/1/2019 0:00,7:32:00 AM,4,3
2286,23,10/1/2019 0:00,7:44:00 AM,5,4
2287,26,10/1/2019 0:00,8:23:00 AM,5,5
2288,26,10/1/2019 0:00,9:35:00 AM,5,5
2289,40,10/1/2019 0:00,11:02:00 AM,5,4
2290,25,10/1/2019 0:00,1:17:00 PM,4,4
2291,31,10/1/2019 0:00,1:26:00 PM,5,5
2292,26,10/1/2019 0:00,2:20:00 PM,5,5
2293,9,10/1/2019 0:00,10:08:00 PM,5,5
2294,30,9/30/2019 0:00,1:05:00 PM,4,4
2295,40,9/29/2019 0:00,8:44:00 AM,4,4
2296,31,9/28/2019 0:00,12:43:00 PM,4,4
2297,31,9/28/2019 0:00,2:10:00 PM,4,4
2298,40,9/28/2019 0:00,6:30:00 PM,5,5
2299,3,9/28/2019 0:00,8:00:00 PM,5,5
2300,19,9/28/2019 0:00,6:26:00 AM,5,5
2301,2,9/28/2019 0:00,6:53:00 AM,5,5
2302,20,9/28/2019 0:00,7:14:00 AM,5,5
2303,35,9/28/2019 0:00,7:11:00 AM,5,4
2304,9,9/28/2019 0:00,8:16:00 AM,4,4
2305,43,9/28/2019 0:00,9:03:00 AM,5,5
2306,25,9/28/2019 0:00,9:19:00 AM,5,5
2307,40,9/28/2019 0:00,10:28:00 AM,5,5
2308,27,9/27/2019 0:00,6:10:00 AM,5,5
2309,30,9/27/2019 0:00,6:46:00 AM,5,5
2310,23,9/27/2019 0:00,7:08:00 AM,5,5
2311,26,9/27/2019 0:00,7:14:00 AM,5,4
2312,19,9/27/2019 0:00,7:24:00 AM,5,5
2313,9,9/27/2019 0:00,7:23:00 AM,5,5
2314,40,9/27/2019 0:00,10:44:00 AM,5,5
2315,9,9/27/2019 0:00,11:33:00 AM,5,5
2316,32,9/27/2019 0:00,12:49:00 PM,5,5
2317,42,9/26/2019 0:00,6:55:00 AM,3,4
2318,32,9/26/2019 0:00,7:15:00 AM,5,5
2319,2,9/26/2019 0:00,8:22:00 AM,5,5
2320,25,9/26/2019 0:00,12:43:00 PM,5,5
2321,9,9/26/2019 0:00,8:07:00 PM,4,4
2322,9,9/25/2019 0:00,5:51:00 AM,5,4
2323,43,9/25/2019 0:00,6:02:00 AM,2,3
2324,19,9/25/2019 0:00,6:05:00 AM,5,5
2325,2,9/25/2019 0:00,7:54:00 AM,5,4
2326,32,9/25/2019 0:00,9:02:00 AM,5,5
2327,32,9/25/2019 0:00,2:50:00 PM,5,5
2328,25,9/25/2019 0:00,5:07:00 PM,5,5
2329,2,9/24/2019 0:00,5:24:00 AM,5,5
2330,40,9/24/2019 0:00,7:50:00 AM,3,4
2331,2,9/24/2019 0:00,9:46:00 AM,5,4
2332,3,9/24/2019 0:00,10:47:00 AM,4,4
2333,17,9/24/2019 0:00,12:08:00 PM,5,5
2334,23,9/24/2019 0:00,6:23:00 PM,5,5
2335,19,9/23/2019 0:00,11:20:00 AM,5,5
2336,43,9/23/2019 0:00,10:50:00 PM,4,4
2337,35,9/22/2019 0:00,8:28:00 AM,4,4
2338,15,9/22/2019 0:00,5:27:00 PM,5,4
2339,9,9/22/2019 0:00,8:12:00 PM,3,3
2340,31,9/22/2019 0:00,10:28:00 PM,5,5
2341,9,9/21/2019 0:00,5:22:00 AM,5,5
2342,23,9/21/2019 0:00,5:34:00 AM,5,5
2343,10,9/21/2019 0:00,5:43:00 AM,5,5
2344,9,9/21/2019 0:00,6:13:00 AM,4,4
2345,23,9/21/2019 0:00,8:37:00 AM,5,5
2346,5,9/21/2019 0:00,6:58:00 PM,5,5
2347,31,9/21/2019 0:00,8:14:00 PM,5,5
2348,23,9/21/2019 0:00,9:14:00 PM,5,5
2349,32,9/21/2019 0:00,9:16:00 PM,5,5
2350,9,9/21/2019 0:00,5:14:00 AM,4,4
2351,9,9/20/2019 0:00,5:26:00 AM,5,5
2352,40,9/20/2019 0:00,5:55:00 AM,5,5
2353,32,9/20/2019 0:00,6:36:00 AM,5,5
2354,32,9/20/2019 0:00,7:29:00 AM,5,5
2355,22,9/20/2019 0:00,1:50:00 PM,5,5
2356,18,9/20/2019 0:00,3:59:00 PM,5,4
2357,12,9/20/2019 0:00,5:14:00 PM,4,4
2358,9,9/19/2019 0:00,5:53:00 AM,4,4
2359,27,9/19/2019 0:00,6:18:00 AM,5,5
2360,32,9/19/2019 0:00,7:09:00 AM,5,5
2361,32,9/19/2019 0:00,7:57:00 AM,5,5
2362,28,9/19/2019 0:00,11:17:00 AM,5,5
2363,26,9/19/2019 0:00,3:56:00 PM,5,5
2364,32,9/19/2019 0:00,4:25:00 PM,4,4
2365,42,9/19/2019 0:00,9:17:00 PM,4,4
2366,11,9/18/2019 0:00,11:50:00 AM,5,5
2367,3,9/18/2019 0:00,12:02:00 PM,5,5
2368,9,9/18/2019 0:00,1:00:00 PM,5,4
2369,7,9/18/2019 0:00,2:21:00 PM,5,5
2370,7,9/18/2019 0:00,4:00:00 PM,5,5
2371,17,9/18/2019 0:00,4:41:00 PM,3,4
2372,9,9/18/2019 0:00,8:23:00 PM,5,5
2373,13,9/18/2019 0:00,9:07:00 PM,5,5
2374,19,9/18/2019 0:00,7:44:00 AM,5,5
2375,35,9/18/2019 0:00,7:51:00 AM,3,4
2376,33,9/18/2019 0:00,7:52:00 AM,2,3
2377,9,9/18/2019 0:00,8:07:00 AM,4,4
2378,31,9/18/2019 0:00,8:31:00 AM,5,5
2379,24,9/18/2019 0:00,8:52:00 AM,2,1
2380,2,9/18/2019 0:00,9:05:00 AM,5,4
2381,31,9/18/2019 0:00,7:35:00 AM,5,5
2382,2,9/17/2019 0:00,4:45:00 PM,4,4
2383,18,9/17/2019 0:00,6:22:00 PM,5,5
2384,22,9/17/2019 0:00,5:34:00 AM,3,2
2385,23,9/17/2019 0:00,7:04:00 AM,5,5
2386,34,9/17/2019 0:00,7:11:00 AM,5,5
2387,40,9/17/2019 0:00,7:12:00 AM,5,5
2388,32,9/17/2019 0:00,9:55:00 AM,5,5
2389,1,9/16/2019 0:00,4:49:00 PM,5,5
2390,37,9/16/2019 0:00,8:32:00 PM,5,5
2391,19,9/16/2019 0:00,7:24:00 AM,5,4
2392,23,9/16/2019 0:00,10:51:00 AM,5,5
2393,35,9/16/2019 0:00,3:09:00 PM,4,4
2394,31,9/16/2019 0:00,3:46:00 PM,4,5
2395,9,9/15/2019 0:00,8:23:00 AM,1,2
2396,40,9/15/2019 0:00,9:09:00 AM,5,5
2397,9,9/15/2019 0:00,1:16:00 PM,5,5
2398,29,9/15/2019 0:00,3:55:00 PM,5,5
2399,9,9/15/2019 0:00,5:35:00 PM,5,4
2400,9,9/14/2019 0:00,3:45:00 PM,5,4
2401,28,9/14/2019 0:00,4:10:00 PM,5,5
2402,6,9/14/2019 0:00,6:30:00 AM,5,5
2403,9,9/14/2019 0:00,7:25:00 AM,5,5
2404,31,9/14/2019 0:00,8:42:00 AM,5,5
2405,25,9/14/2019 0:00,10:18:00 AM,5,5
2406,17,9/14/2019 0:00,10:26:00 AM,5,5
2407,22,9/14/2019 0:00,10:46:00 AM,5,5
2408,4,9/14/2019 0:00,12:48:00 PM,5,5
2409,18,9/14/2019 0:00,1:43:00 PM,5,5
2410,25,9/13/2019 0:00,12:46:00 PM,2,4
2411,9,9/13/2019 0:00,1:07:00 PM,4,4
2412,2,9/13/2019 0:00,2:55:00 PM,5,5
2413,20,9/13/2019 0:00,3:15:00 PM,5,5
2414,5,9/13/2019 0:00,6:54:00 AM,5,5
2415,9,9/13/2019 0:00,7:18:00 AM,5,5
2416,2,9/13/2019 0:00,8:41:00 AM,5,5
2417,31,9/13/2019 0:00,10:23:00 AM,5,5
2418,9,9/12/2019 0:00,10:40:00 AM,5,4
2419,20,9/12/2019 0:00,11:02:00 AM,4,4
2420,9,9/12/2019 0:00,7:45:00 PM,4,4
2421,19,9/12/2019 0:00,6:00:00 AM,3,3
2422,40,9/12/2019 0:00,6:01:00 AM,5,5
2423,18,9/12/2019 0:00,7:13:00 AM,4,5
2424,31,9/12/2019 0:00,7:17:00 AM,5,5
2425,32,9/12/2019 0:00,7:28:00 AM,5,5
2426,23,9/11/2019 0:00,5:48:00 AM,5,3
2427,26,9/11/2019 0:00,6:07:00 AM,5,5
2428,9,9/11/2019 0:00,6:24:00 AM,5,5
2429,31,9/11/2019 0:00,6:57:00 AM,4,5
2430,31,9/11/2019 0:00,7:06:00 AM,5,5
2431,9,9/11/2019 0:00,7:35:00 AM,5,4
2432,17,9/11/2019 0:00,10:07:00 AM,5,5
2433,9,9/11/2019 0:00,10:19:00 AM,5,5
2434,8,9/11/2019 0:00,11:51:00 AM,3,4
2435,31,9/11/2019 0:00,1:15:00 PM,4,4
2436,23,9/11/2019 0:00,3:48:00 PM,5,5
2437,43,9/11/2019 0:00,3:57:00 PM,5,5
2438,9,9/11/2019 0:00,8:56:00 PM,5,5
2439,2,9/10/2019 0:00,5:31:00 AM,2,3
2440,9,9/10/2019 0:00,7:12:00 AM,5,5
2441,23,9/10/2019 0:00,7:30:00 AM,5,5
2442,9,9/10/2019 0:00,8:11:00 AM,5,5
2443,8,9/10/2019 0:00,10:53:00 AM,5,5
2444,25,9/10/2019 0:00,1:59:00 PM,5,5
2445,40,9/10/2019 0:00,2:44:00 PM,5,4
2446,1,9/10/2019 0:00,3:12:00 PM,5,5
2447,9,9/10/2019 0:00,9:19:00 PM,5,4
2448,32,9/9/2019 0:00,1:57:00 AM,4,5
2449,40,9/9/2019 0:00,6:32:00 AM,5,5
2450,8,9/9/2019 0:00,9:56:00 AM,4,4
2451,17,9/9/2019 0:00,10:37:00 AM,4,3
2452,2,9/9/2019 0:00,11:17:00 AM,5,4
2453,9,9/9/2019 0:00,2:21:00 PM,5,5
2454,25,9/8/2019 0:00,6:49:00 AM,5,5
2455,2,9/8/2019 0:00,10:48:00 AM,5,5
2456,9,9/8/2019 0:00,11:06:00 AM,4,4
2457,26,9/8/2019 0:00,11:07:00 AM,4,4
2458,5,9/8/2019 0:00,12:49:00 PM,5,5
2459,17,9/8/2019 0:00,7:46:00 PM,5,5
2460,31,9/7/2019 0:00,5:16:00 AM,5,5
2461,9,9/7/2019 0:00,6:30:00 AM,4,4
2462,22,9/7/2019 0:00,8:01:00 AM,3,3
2463,9,9/7/2019 0:00,9:18:00 AM,5,5
2464,8,9/7/2019 0:00,11:02:00 AM,4,4
2465,32,9/7/2019 0:00,11:36:00 AM,3,4
2466,2,9/7/2019 0:00,11:50:00 AM,5,5
2467,23,9/7/2019 0:00,2:01:00 PM,5,5
2468,31,9/7/2019 0:00,8:23:00 PM,5,5
2469,9,9/6/2019 0:00,5:07:00 AM,5,5
2470,6,9/6/2019 0:00,8:31:00 AM,5,4
2471,40,9/6/2019 0:00,8:52:00 AM,5,5
2472,23,9/6/2019 0:00,9:08:00 AM,5,5
2473,32,9/6/2019 0:00,11:14:00 AM,5,4
2474,40,9/6/2019 0:00,11:56:00 AM,5,5
2475,26,9/6/2019 0:00,5:06:00 PM,5,4
2476,21,9/6/2019 0:00,8:46:00 PM,5,5
2477,6,9/5/2019 0:00,12:16:00 AM,5,5
2478,23,9/5/2019 0:00,8:02:00 AM,5,5
2479,2,9/5/2019 0:00,8:43:00 AM,5,5
2480,23,9/5/2019 0:00,9:28:00 AM,5,5
2481,22,9/5/2019 0:00,9:33:00 AM,4,3
2482,25,9/5/2019 0:00,11:44:00 AM,5,5
2483,5,9/5/2019 0:00,4:16:00 PM,5,5
2484,7,9/5/2019 0:00,7:01:00 PM,5,5
2485,5,9/4/2019 0:00,6:22:00 PM,5,5
2486,17,9/4/2019 0:00,7:57:00 PM,4,4
2487,31,9/4/2019 0:00,9:02:00 PM,5,5
2488,9,9/4/2019 0:00,5:57:00 AM,2,1
2489,29,9/4/2019 0:00,6:16:00 AM,5,5
2490,23,9/4/2019 0:00,6:31:00 AM,5,5
2491,23,9/4/2019 0:00,6:36:00 AM,5,5
2492,2,9/4/2019 0:00,6:42:00 AM,5,5
2493,33,9/4/2019 0:00,6:59:00 AM,2,4
2494,2,9/4/2019 0:00,8:12:00 AM,5,5
2495,20,9/4/2019 0:00,8:58:00 AM,4,4
2496,2,9/4/2019 0:00,9:49:00 AM,5,5
2497,26,9/4/2019 0:00,10:16:00 AM,5,5
2498,36,9/4/2019 0:00,9:47:00 AM,5,5
2499,26,9/4/2019 0:00,11:54:00 AM,5,5
2500,42,9/4/2019 0:00,12:06:00 PM,4,4
2501,31,9/4/2019 0:00,12:10:00 PM,5,5
2502,8,9/4/2019 0:00,2:12:00 PM,4,4
2503,11,9/4/2019 0:00,4:00:00 PM,5,5
2504,9,9/4/2019 0:00,6:15:00 PM,3,3
2505,2,9/3/2019 0:00,7:24:00 PM,3,4
2506,9,9/3/2019 0:00,10:08:00 PM,4,4
2507,31,9/3/2019 0:00,7:02:00 AM,3,4
2508,2,9/3/2019 0:00,9:33:00 AM,4,4
2509,5,9/3/2019 0:00,9:40:00 AM,5,5
2510,26,9/3/2019 0:00,9:53:00 AM,4,4
2511,15,9/3/2019 0:00,6:28:00 PM,4,4
2512,9,9/2/2019 0:00,7:07:00 AM,5,5
2513,32,9/2/2019 0:00,11:41:00 AM,5,5
2514,27,9/2/2019 0:00,11:51:00 AM,5,5
2515,9,9/1/2019 0:00,12:31:00 AM,4,5
2516,31,9/1/2019 0:00,6:32:00 AM,5,5
2517,2,9/1/2019 0:00,7:27:00 AM,3,4
2518,17,9/1/2019 0:00,12:34:00 PM,2,3
2519,40,9/1/2019 0:00,2:03:00 PM,5,5
2520,31,9/1/2019 0:00,7:01:00 PM,5,4
2521,12,9/1/2019 0:00,7:49:00 PM,5,5
2522,22,9/1/2019 0:00,11:56:00 PM,4,4
2523,15,8/31/2019 0:00,12:36:00 PM,1,1
2524,31,8/31/2019 0:00,12:36:00 PM,5,5
2525,20,8/31/2019 0:00,1:31:00 AM,5,4
2526,22,8/31/2019 0:00,7:38:00 AM,1,2
2527,9,8/31/2019 0:00,7:47:00 AM,5,5
2528,23,8/31/2019 0:00,8:02:00 AM,3,4
2529,32,8/31/2019 0:00,8:45:00 AM,5,5
2530,30,8/31/2019 0:00,9:59:00 AM,5,5
2531,17,8/31/2019 0:00,5:31:00 PM,3,3
2532,2,8/31/2019 0:00,8:04:00 PM,5,5
2533,29,8/31/2019 0:00,10:17:00 PM,3,4
2534,32,8/30/2019 0:00,7:28:00 AM,5,5
2535,27,8/30/2019 0:00,7:03:00 AM,5,5
2536,9,8/30/2019 0:00,7:52:00 AM,5,5
2537,20,8/30/2019 0:00,7:57:00 AM,4,4
2538,2,8/30/2019 0:00,10:25:00 AM,5,4
2539,2,8/30/2019 0:00,12:23:00 PM,5,5
2540,20,8/30/2019 0:00,12:58:00 PM,4,4
2541,31,8/30/2019 0:00,3:07:00 PM,5,5
2542,2,8/30/2019 0:00,10:14:00 PM,5,5
2543,35,8/29/2019 0:00,4:59:00 AM,1,3
2544,7,8/29/2019 0:00,7:05:00 AM,5,5
2545,2,8/29/2019 0:00,10:22:00 AM,5,5
2546,30,8/29/2019 0:00,11:05:00 AM,5,5
2547,9,8/29/2019 0:00,11:10:00 AM,4,4
2548,9,8/29/2019 0:00,4:15:00 PM,5,5
2549,19,8/28/2019 0:00,1:13:00 PM,5,5
2550,35,8/28/2019 0:00,2:46:00 PM,5,5
2551,34,8/28/2019 0:00,6:08:00 PM,5,5
2552,12,8/28/2019 0:00,6:41:00 PM,5,5
2553,38,8/28/2019 0:00,6:55:00 AM,1,1
2554,2,8/28/2019 0:00,7:22:00 AM,5,5
2555,2,8/28/2019 0:00,7:44:00 AM,4,4
2556,31,8/28/2019 0:00,8:06:00 AM,2,4
2557,23,8/28/2019 0:00,8:12:00 AM,5,5
2558,42,8/28/2019 0:00,8:15:00 AM,5,5
2559,40,8/28/2019 0:00,8:51:00 AM,5,5
2560,31,8/28/2019 0:00,10:28:00 AM,5,5
2561,31,8/28/2019 0:00,11:43:00 AM,4,4
2562,9,8/28/2019 0:00,12:28:00 PM,5,5
2563,9,8/27/2019 0:00,1:09:00 AM,4,4
2564,9,8/27/2019 0:00,5:56:00 AM,5,5
2565,9,8/27/2019 0:00,7:35:00 AM,4,4
2566,40,8/27/2019 0:00,8:02:00 AM,5,4
2567,9,8/27/2019 0:00,8:42:00 AM,5,5
2568,32,8/27/2019 0:00,11:54:00 AM,5,5
2569,5,8/27/2019 0:00,10:01:00 PM,3,3
2570,23,8/26/2019 0:00,11:45:00 AM,4,5
2571,3,8/26/2019 0:00,12:30:00 PM,5,5
2572,22,8/26/2019 0:00,12:27:00 PM,4,4
2573,2,8/26/2019 0:00,2:55:00 PM,5,5
2574,9,8/26/2019 0:00,4:36:00 PM,4,4
2575,31,8/26/2019 0:00,6:42:00 PM,4,4
2576,32,8/26/2019 0:00,7:28:00 PM,4,4
2577,32,8/26/2019 0:00,8:23:00 PM,5,4
2578,15,8/26/2019 0:00,8:22:00 PM,5,5
2579,3,8/25/2019 0:00,9:05:00 AM,5,5
2580,2,8/25/2019 0:00,9:56:00 AM,1,1
2581,31,8/25/2019 0:00,3:24:00 PM,5,5
2582,43,8/25/2019 0:00,5:28:00 PM,5,5
2583,15,8/24/2019 0:00,4:55:00 PM,4,4
2584,8,8/24/2019 0:00,6:02:00 PM,5,4
2585,40,8/24/2019 0:00,9:20:00 PM,5,5
2586,2,8/24/2019 0:00,1:38:00 AM,4,4
2587,25,8/24/2019 0:00,5:45:00 AM,5,5
2588,9,8/24/2019 0:00,6:07:00 AM,5,5
2589,23,8/24/2019 0:00,6:34:00 AM,5,5
2590,31,8/24/2019 0:00,6:45:00 AM,5,5
2591,32,8/24/2019 0:00,7:25:00 AM,5,5
2592,26,8/24/2019 0:00,7:33:00 AM,5,5
2593,31,8/24/2019 0:00,7:29:00 AM,1,1
2594,5,8/24/2019 0:00,8:55:00 AM,3,3
2595,25,8/24/2019 0:00,9:24:00 AM,4,5
2596,2,8/24/2019 0:00,9:38:00 AM,5,5
2597,9,8/24/2019 0:00,10:34:00 AM,5,5
2598,28,8/24/2019 0:00,2:17:00 PM,3,4
2599,31,8/23/2019 0:00,2:33:00 PM,5,5
2600,17,8/23/2019 0:00,2:57:00 PM,5,5
2601,2,8/23/2019 0:00,4:04:00 PM,5,5
2602,9,8/23/2019 0:00,10:16:00 PM,5,5
2603,17,8/23/2019 0:00,11:05:00 PM,5,5
2604,4,8/23/2019 0:00,11:28:00 PM,5,5
2605,24,8/23/2019 0:00,7:06:00 AM,5,4
2606,25,8/23/2019 0:00,7:17:00 AM,4,3
2607,9,8/23/2019 0:00,7:23:00 AM,4,4
2608,9,8/23/2019 0:00,7:52:00 AM,5,5
2609,20,8/23/2019 0:00,8:01:00 AM,5,5
2610,9,8/23/2019 0:00,8:04:00 AM,3,4
2611,25,8/23/2019 0:00,9:52:00 AM,4,4
2612,2,8/23/2019 0:00,10:05:00 AM,4,5
2613,6,8/23/2019 0:00,10:22:00 AM,5,4
2614,30,8/23/2019 0:00,10:35:00 AM,4,4
2615,28,8/23/2019 0:00,1:30:00 PM,5,5
2616,32,8/23/2019 0:00,5:44:00 AM,4,3
2617,22,8/23/2019 0:00,6:10:00 AM,5,5
2618,23,8/22/2019 0:00,8:22:00 AM,4,4
2619,9,8/22/2019 0:00,8:57:00 AM,3,4
2620,23,8/22/2019 0:00,10:54:00 AM,5,5
2621,9,8/22/2019 0:00,12:32:00 PM,3,3
2622,19,8/22/2019 0:00,12:49:00 PM,5,5
2623,26,8/22/2019 0:00,1:01:00 PM,4,4
2624,9,8/22/2019 0:00,4:18:00 PM,4,4
2625,40,8/22/2019 0:00,10:16:00 PM,5,5
2626,5,8/21/2019 0:00,5:47:00 AM,5,5
2627,32,8/21/2019 0:00,6:07:00 AM,5,5
2628,11,8/21/2019 0:00,6:13:00 AM,3,4
2629,32,8/21/2019 0:00,6:39:00 AM,5,5
2630,40,8/21/2019 0:00,8:22:00 AM,5,4
2631,2,8/21/2019 0:00,8:23:00 AM,5,5
2632,23,8/21/2019 0:00,9:23:00 AM,5,5
2633,9,8/21/2019 0:00,9:41:00 AM,3,4
2634,23,8/21/2019 0:00,9:28:00 AM,5,5
2635,25,8/21/2019 0:00,11:37:00 AM,4,5
2636,9,8/21/2019 0:00,11:46:00 AM,5,5
2637,31,8/21/2019 0:00,1:11:00 PM,5,4
2638,25,8/21/2019 0:00,1:54:00 PM,5,4
2639,22,8/21/2019 0:00,8:33:00 PM,1,1
2640,9,8/21/2019 0:00,10:32:00 PM,5,5
2641,40,8/21/2019 0:00,11:48:00 PM,5,5
2642,38,8/20/2019 0:00,5:19:00 AM,5,5
2643,21,8/20/2019 0:00,5:51:00 AM,2,2
2644,9,8/20/2019 0:00,6:02:00 AM,4,3
2645,23,8/20/2019 0:00,6:38:00 AM,5,5
2646,21,8/20/2019 0:00,7:42:00 AM,5,5
2647,32,8/20/2019 0:00,8:30:00 AM,5,4
2648,18,8/20/2019 0:00,10:27:00 AM,4,4
2649,43,8/20/2019 0:00,10:34:00 AM,5,5
2650,23,8/20/2019 0:00,10:48:00 AM,5,5
2651,26,8/20/2019 0:00,11:10:00 AM,4,4
2652,1,8/20/2019 0:00,3:26:00 PM,4,4
2653,32,8/20/2019 0:00,5:03:00 PM,5,5
2654,9,8/20/2019 0:00,5:21:00 PM,4,4
2655,25,8/20/2019 0:00,6:49:00 PM,5,5
2656,20,8/20/2019 0:00,10:37:00 PM,5,5
2657,36,8/19/2019 0:00,6:23:00 PM,5,5
2658,31,8/19/2019 0:00,1:13:00 AM,5,5
2659,2,8/19/2019 0:00,2:09:00 AM,5,4
2660,32,8/19/2019 0:00,8:54:00 AM,5,5
2661,1,8/19/2019 0:00,12:58:00 PM,5,5
2662,9,8/19/2019 0:00,1:16:00 PM,3,3
2663,8,8/18/2019 0:00,6:12:00 AM,5,4
2664,40,8/18/2019 0:00,8:07:00 AM,5,3
2665,9,8/18/2019 0:00,10:51:00 AM,4,4
2666,42,8/18/2019 0:00,12:12:00 PM,4,4
2667,31,8/17/2019 0:00,6:03:00 AM,5,5
2668,20,8/17/2019 0:00,7:17:00 AM,5,5
2669,25,8/17/2019 0:00,7:56:00 AM,5,5
2670,27,8/17/2019 0:00,8:02:00 AM,5,5
2671,23,8/17/2019 0:00,8:22:00 AM,5,5
2672,19,8/17/2019 0:00,9:07:00 AM,5,5
2673,13,8/17/2019 0:00,11:25:00 AM,5,5
2674,23,8/17/2019 0:00,1:55:00 PM,5,5
2675,22,8/16/2019 0:00,5:07:00 AM,5,5
2676,23,8/16/2019 0:00,5:46:00 AM,5,5
2677,36,8/16/2019 0:00,6:57:00 AM,4,5
2678,9,8/16/2019 0:00,7:35:00 AM,5,5
2679,13,8/16/2019 0:00,7:42:00 AM,4,4
2680,19,8/16/2019 0:00,7:56:00 AM,5,5
2681,23,8/16/2019 0:00,8:08:00 AM,5,5
2682,32,8/16/2019 0:00,8:37:00 AM,5,5
2683,28,8/16/2019 0:00,8:40:00 AM,3,4
2684,34,8/16/2019 0:00,9:10:00 AM,5,5
2685,40,8/16/2019 0:00,10:08:00 AM,5,5
2686,42,8/16/2019 0:00,10:55:00 AM,5,5
2687,40,8/16/2019 0:00,1:10:00 PM,5,5
2688,32,8/16/2019 0:00,4:31:00 PM,4,4
2689,42,8/15/2019 0:00,5:15:00 AM,2,3
2690,21,8/15/2019 0:00,6:07:00 AM,4,4
2691,27,8/15/2019 0:00,6:21:00 AM,5,4
2692,20,8/15/2019 0:00,8:28:00 AM,5,5
2693,5,8/15/2019 0:00,9:31:00 AM,5,5
2694,32,8/15/2019 0:00,9:53:00 AM,5,5
2695,25,8/15/2019 0:00,4:29:00 PM,5,5
2696,13,8/15/2019 0:00,6:28:00 PM,5,5
2697,23,8/14/2019 0:00,7:46:00 AM,5,5
2698,31,8/14/2019 0:00,8:20:00 AM,5,5
2699,9,8/14/2019 0:00,8:32:00 AM,5,5
2700,20,8/14/2019 0:00,9:54:00 AM,4,3
2701,33,8/14/2019 0:00,10:05:00 AM,4,4
2702,15,8/14/2019 0:00,10:59:00 AM,5,4
2703,23,8/14/2019 0:00,2:19:00 PM,5,4
2704,40,8/14/2019 0:00,4:14:00 PM,5,4
2705,21,8/14/2019 0:00,6:03:00 PM,5,5
2706,40,8/14/2019 0:00,6:37:00 PM,5,5
2707,15,8/14/2019 0:00,9:33:00 PM,2,5
2708,3,8/14/2019 0:00,11:24:00 PM,4,4
2709,8,8/14/2019 0:00,5:35:00 AM,5,5
2710,9,8/14/2019 0:00,6:13:00 AM,4,3
2711,25,8/13/2019 0:00,5:44:00 AM,5,5
2712,31,8/13/2019 0:00,6:24:00 AM,5,5
2713,30,8/13/2019 0:00,7:17:00 AM,5,5
2714,2,8/13/2019 0:00,7:18:00 AM,4,3
2715,25,8/13/2019 0:00,7:38:00 AM,5,5
2716,19,8/13/2019 0:00,8:13:00 AM,2,3
2717,32,8/13/2019 0:00,7:57:00 AM,5,3
2718,26,8/13/2019 0:00,9:00:00 AM,5,5
2719,23,8/13/2019 0:00,8:58:00 AM,5,5
2720,41,8/13/2019 0:00,9:27:00 AM,5,5
2721,19,8/13/2019 0:00,9:58:00 AM,5,5
2722,15,8/13/2019 0:00,10:27:00 AM,5,5
2723,2,8/13/2019 0:00,3:10:00 PM,4,4
2724,8,8/13/2019 0:00,5:06:00 PM,4,4
2725,2,8/13/2019 0:00,7:01:00 PM,4,4
2726,32,8/12/2019 0:00,7:10:00 AM,5,5
2727,9,8/12/2019 0:00,7:45:00 AM,5,5
2728,9,8/12/2019 0:00,8:10:00 AM,5,5
2729,28,8/12/2019 0:00,8:23:00 AM,5,5
2730,23,8/12/2019 0:00,9:21:00 AM,5,5
2731,31,8/12/2019 0:00,9:22:00 AM,5,5
2732,1,8/12/2019 0:00,9:52:00 AM,4,4
2733,7,8/12/2019 0:00,11:08:00 AM,5,4
2734,2,8/12/2019 0:00,3:23:00 PM,5,5
2735,42,8/12/2019 0:00,5:18:00 PM,3,3
2736,9,8/12/2019 0:00,10:28:00 PM,5,5
2737,25,8/11/2019 0:00,2:44:00 PM,5,5
2738,22,8/11/2019 0:00,3:12:00 PM,3,4
2739,9,8/11/2019 0:00,3:16:00 PM,5,5
2740,9,8/11/2019 0:00,4:09:00 PM,4,4
2741,9,8/11/2019 0:00,4:22:00 PM,3,3
2742,25,8/11/2019 0:00,8:22:00 PM,5,5
2743,23,8/11/2019 0:00,9:04:00 PM,5,5
2744,31,8/11/2019 0:00,9:31:00 PM,5,5
2745,2,8/10/2019 0:00,12:27:00 PM,5,5
2746,9,8/10/2019 0:00,1:58:00 PM,3,4
2747,23,8/10/2019 0:00,3:20:00 PM,5,5
2748,25,8/10/2019 0:00,3:20:00 PM,5,4
2749,36,8/10/2019 0:00,4:28:00 PM,5,5
2750,42,8/10/2019 0:00,5:29:00 AM,4,4
2751,3,8/10/2019 0:00,6:32:00 AM,5,5
2752,32,8/10/2019 0:00,6:39:00 AM,5,5
2753,5,8/10/2019 0:00,6:52:00 AM,5,5
2754,40,8/10/2019 0:00,8:02:00 AM,5,5
2755,13,8/10/2019 0:00,8:40:00 AM,4,5
2756,25,8/10/2019 0:00,8:06:00 AM,4,4
2757,19,8/10/2019 0:00,9:31:00 AM,4,4
2758,9,8/9/2019 0:00,9:58:00 AM,4,4
2759,10,8/9/2019 0:00,10:22:00 AM,3,4
2760,40,8/9/2019 0:00,1:47:00 PM,4,4
2761,9,8/9/2019 0:00,5:50:00 AM,5,5
2762,31,8/9/2019 0:00,7:01:00 AM,4,3
2763,25,8/9/2019 0:00,8:40:00 AM,5,5
2764,31,8/8/2019 0:00,9:36:00 AM,5,5
2765,29,8/8/2019 0:00,11:42:00 AM,5,4
2766,32,8/8/2019 0:00,1:59:00 PM,5,5
2767,20,8/8/2019 0:00,4:26:00 PM,5,4
2768,40,8/8/2019 0:00,5:21:00 PM,5,5
2769,23,8/8/2019 0:00,6:34:00 PM,5,5
2770,19,8/8/2019 0:00,6:49:00 AM,5,5
2771,9,8/8/2019 0:00,6:51:00 AM,4,4
2772,40,8/8/2019 0:00,7:01:00 AM,4,4
2773,3,8/8/2019 0:00,8:17:00 AM,5,5
2774,2,8/8/2019 0:00,8:36:00 AM,4,4
2775,21,8/8/2019 0:00,9:10:00 AM,5,4
2776,9,8/8/2019 0:00,9:20:00 AM,5,5
2777,9,8/8/2019 0:00,12:10:00 AM,5,5
2778,31,8/8/2019 0:00,5:49:00 AM,5,5
2779,32,8/7/2019 0:00,9:31:00 AM,5,4
2780,9,8/7/2019 0:00,2:46:00 PM,5,5
2781,40,8/7/2019 0:00,3:26:00 PM,2,3
2782,9,8/7/2019 0:00,5:47:00 PM,5,5
2783,32,8/7/2019 0:00,8:20:00 PM,4,4
2784,3,8/6/2019 0:00,6:38:00 AM,5,5
2785,25,8/6/2019 0:00,7:52:00 AM,5,5
2786,23,8/6/2019 0:00,9:43:00 AM,4,4
2787,2,8/6/2019 0:00,12:05:00 PM,5,4
2788,30,8/6/2019 0:00,7:52:00 PM,5,5
2789,22,8/5/2019 0:00,8:49:00 AM,5,5
2790,18,8/5/2019 0:00,10:16:00 AM,5,5
2791,15,8/5/2019 0:00,1:15:00 PM,5,5
2792,22,8/5/2019 0:00,3:14:00 PM,5,5
2793,23,8/5/2019 0:00,6:01:00 PM,4,4
2794,20,8/4/2019 0:00,7:42:00 AM,3,3
2795,38,8/4/2019 0:00,9:58:00 AM,5,5
2796,43,8/4/2019 0:00,10:41:00 AM,4,4
2797,34,8/3/2019 0:00,6:19:00 AM,3,3
2798,23,8/3/2019 0:00,6:48:00 AM,5,5
2799,40,8/3/2019 0:00,7:07:00 AM,5,5
2800,9,8/3/2019 0:00,7:37:00 AM,3,5
2801,9,8/3/2019 0:00,8:35:00 AM,4,4
2802,2,8/3/2019 0:00,12:32:00 PM,4,4
2803,32,8/3/2019 0:00,3:44:00 PM,4,3
2804,9,8/3/2019 0:00,3:56:00 PM,4,4
2805,32,8/3/2019 0:00,5:34:00 PM,4,2
2806,9,8/2/2019 0:00,9:58:00 AM,5,5
2807,23,8/2/2019 0:00,10:41:00 AM,4,4
2808,31,8/2/2019 0:00,11:30:00 AM,5,4
2809,40,8/2/2019 0:00,11:34:00 AM,5,5
2810,30,8/2/2019 0:00,11:54:00 AM,5,5
2811,31,8/2/2019 0:00,8:00:00 PM,5,5
2812,23,8/2/2019 0:00,5:45:00 AM,5,5
2813,2,8/2/2019 0:00,6:01:00 AM,5,5
2814,26,8/2/2019 0:00,6:13:00 AM,4,4
2815,33,8/2/2019 0:00,8:14:00 AM,5,5
2816,31,8/1/2019 0:00,7:59:00 AM,5,5
2817,9,8/1/2019 0:00,8:03:00 AM,4,4
2818,40,8/1/2019 0:00,8:01:00 AM,5,5
2819,9,8/1/2019 0:00,9:13:00 AM,4,4
2820,31,8/1/2019 0:00,10:07:00 AM,5,5
2821,9,8/1/2019 0:00,11:03:00 AM,5,5
2822,25,8/1/2019 0:00,11:11:00 AM,4,4
2823,23,8/1/2019 0:00,12:38:00 PM,5,5
2824,2,8/1/2019 0:00,3:00:00 PM,5,5
2825,31,8/1/2019 0:00,3:12:00 PM,4,4
2826,28,8/1/2019 0:00,3:56:00 PM,5,5
2827,31,8/1/2019 0:00,4:53:00 PM,5,5
2828,23,8/1/2019 0:00,6:53:00 PM,4,4
2829,9,8/1/2019 0:00,8:13:00 PM,5,5
2830,17,8/1/2019 0:00,8:48:00 PM,5,5
2831,38,7/31/2019 0:00,1:56:00 AM,4,4
2832,9,7/31/2019 0:00,6:33:00 AM,5,4
2833,25,7/31/2019 0:00,7:17:00 AM,5,5
2834,2,7/31/2019 0:00,7:32:00 AM,4,4
2835,40,7/31/2019 0:00,7:39:00 AM,5,5
2836,9,7/31/2019 0:00,7:56:00 AM,5,5
2837,31,7/31/2019 0:00,9:42:00 AM,5,5
2838,25,7/31/2019 0:00,9:32:00 AM,3,3
2839,2,7/31/2019 0:00,10:28:00 AM,5,5
2840,20,7/31/2019 0:00,11:39:00 AM,5,5
2841,24,7/31/2019 0:00,3:53:00 PM,5,5
2842,24,7/31/2019 0:00,7:28:00 PM,1,1
2843,9,7/31/2019 0:00,9:22:00 PM,5,5
2844,26,7/31/2019 0:00,4:10:00 PM,1,3
2845,35,7/31/2019 0:00,5:39:00 PM,5,4
2846,9,7/31/2019 0:00,5:55:00 PM,5,5
2847,43,7/31/2019 0:00,7:01:00 PM,4,3
2848,31,7/31/2019 0:00,9:26:00 PM,5,5
2849,40,7/30/2019 0:00,10:16:00 AM,5,4
2850,24,7/30/2019 0:00,10:34:00 AM,4,4
2851,26,7/30/2019 0:00,10:40:00 AM,5,5
2852,20,7/30/2019 0:00,10:43:00 AM,5,4
2853,10,7/30/2019 0:00,10:07:00 AM,4,4
2854,12,7/30/2019 0:00,11:09:00 AM,5,4
2855,22,7/30/2019 0:00,11:16:00 AM,5,5
2856,31,7/30/2019 0:00,2:03:00 PM,4,4
2857,40,7/30/2019 0:00,6:23:00 PM,5,5
2858,9,7/30/2019 0:00,9:28:00 PM,5,4
2859,9,7/30/2019 0:00,9:50:00 AM,5,5
2860,42,7/30/2019 0:00,5:29:00 AM,5,5
2861,29,7/30/2019 0:00,5:50:00 AM,5,5
2862,9,7/30/2019 0:00,5:55:00 AM,4,4
2863,2,7/30/2019 0:00,6:37:00 AM,5,5
2864,3,7/30/2019 0:00,6:58:00 AM,4,4
2865,24,7/30/2019 0:00,7:07:00 AM,5,5
2866,32,7/30/2019 0:00,7:51:00 AM,5,5
2867,34,7/30/2019 0:00,8:32:00 AM,5,5
2868,4,7/30/2019 0:00,8:39:00 AM,5,5
2869,23,7/29/2019 0:00,5:21:00 AM,4,5
2870,29,7/29/2019 0:00,6:48:00 AM,5,5
2871,15,7/29/2019 0:00,7:31:00 AM,5,4
2872,40,7/29/2019 0:00,7:39:00 AM,5,4
2873,2,7/29/2019 0:00,9:02:00 AM,4,4
2874,18,7/29/2019 0:00,10:24:00 AM,5,5
2875,36,7/29/2019 0:00,10:41:00 AM,5,5
2876,24,7/29/2019 0:00,1:07:00 PM,5,5
2877,28,7/28/2019 0:00,10:08:00 AM,4,4
2878,27,7/28/2019 0:00,7:54:00 PM,4,4
2879,40,7/27/2019 0:00,5:21:00 AM,4,4
2880,9,7/27/2019 0:00,7:51:00 AM,5,5
2881,9,7/27/2019 0:00,8:01:00 AM,5,5
2882,28,7/27/2019 0:00,9:13:00 AM,5,4
2883,1,7/27/2019 0:00,10:01:00 AM,4,4
2884,37,7/27/2019 0:00,10:26:00 AM,4,4
2885,9,7/27/2019 0:00,11:55:00 AM,3,3
2886,23,7/27/2019 0:00,11:51:00 AM,5,5
2887,25,7/27/2019 0:00,1:42:00 PM,4,4
2888,28,7/27/2019 0:00,3:43:00 PM,4,4
2889,2,7/27/2019 0:00,4:58:00 PM,5,5
2890,5,7/27/2019 0:00,5:21:00 PM,4,4
2891,43,7/27/2019 0:00,4:31:00 AM,5,5
2892,10,7/26/2019 0:00,5:08:00 AM,4,3
2893,22,7/26/2019 0:00,5:43:00 AM,4,4
2894,22,7/26/2019 0:00,5:44:00 AM,5,5
2895,43,7/26/2019 0:00,6:44:00 AM,5,5
2896,24,7/26/2019 0:00,6:56:00 AM,5,5
2897,2,7/26/2019 0:00,7:35:00 AM,5,5
2898,25,7/26/2019 0:00,7:54:00 AM,4,4
2899,33,7/26/2019 0:00,12:22:00 PM,2,2
2900,1,7/26/2019 0:00,5:31:00 PM,4,4
2901,34,7/25/2019 0:00,3:13:00 AM,3,3
2902,2,7/25/2019 0:00,6:05:00 AM,5,5
2903,19,7/25/2019 0:00,6:23:00 AM,5,5
2904,20,7/25/2019 0:00,6:50:00 AM,5,5
2905,42,7/25/2019 0:00,7:27:00 AM,5,5
2906,31,7/25/2019 0:00,8:32:00 AM,4,4
2907,15,7/25/2019 0:00,11:12:00 AM,5,5
2908,2,7/25/2019 0:00,12:59:00 PM,5,4
2909,40,7/25/2019 0:00,7:18:00 PM,5,5
2910,40,7/24/2019 0:00,5:09:00 AM,3,4
2911,2,7/24/2019 0:00,5:47:00 AM,5,5
2912,9,7/24/2019 0:00,6:10:00 AM,5,5
2913,30,7/24/2019 0:00,6:21:00 AM,5,5
2914,28,7/24/2019 0:00,6:28:00 AM,4,5
2915,31,7/24/2019 0:00,7:14:00 AM,5,5
2916,40,7/24/2019 0:00,7:38:00 AM,5,5
2917,2,7/24/2019 0:00,9:30:00 AM,5,5
2918,9,7/24/2019 0:00,9:38:00 AM,5,5
2919,36,7/24/2019 0:00,10:02:00 AM,5,5
2920,25,7/24/2019 0:00,11:48:00 AM,5,5
2921,24,7/24/2019 0:00,11:58:00 AM,4,4
2922,9,7/24/2019 0:00,12:23:00 PM,5,5
2923,9,7/24/2019 0:00,3:38:00 PM,5,4
2924,31,7/24/2019 0:00,8:56:00 PM,5,5
2925,17,7/24/2019 0:00,10:24:00 PM,5,4
2926,23,7/23/2019 0:00,5:44:00 AM,4,5
2927,32,7/23/2019 0:00,6:25:00 AM,3,3
2928,2,7/23/2019 0:00,8:20:00 AM,5,5
2929,20,7/23/2019 0:00,10:45:00 AM,5,4
2930,40,7/23/2019 0:00,11:38:00 AM,4,4
2931,23,7/23/2019 0:00,11:42:00 AM,5,5
2932,23,7/23/2019 0:00,12:24:00 PM,5,4
2933,25,7/23/2019 0:00,1:29:00 PM,4,3
2934,25,7/23/2019 0:00,2:26:00 PM,4,4
2935,9,7/23/2019 0:00,4:30:00 PM,4,5
2936,8,7/23/2019 0:00,5:18:00 PM,5,5
2937,25,7/23/2019 0:00,10:16:00 PM,4,4
2938,20,7/22/2019 0:00,12:07:00 PM,4,5
2939,23,7/22/2019 0:00,3:23:00 PM,4,4
2940,20,7/22/2019 0:00,3:26:00 PM,3,3
2941,7,7/22/2019 0:00,7:26:00 AM,5,5
2942,9,7/22/2019 0:00,8:13:00 AM,5,5
2943,25,7/22/2019 0:00,8:18:00 AM,5,5
2944,26,7/22/2019 0:00,8:31:00 AM,5,5
2945,19,7/22/2019 0:00,9:24:00 AM,1,3
2946,9,7/22/2019 0:00,10:26:00 AM,3,3
2947,12,7/22/2019 0:00,10:30:00 AM,5,5
2948,23,7/22/2019 0:00,7:12:00 AM,3,3
2949,2,7/21/2019 0:00,12:05:00 PM,5,5
2950,31,7/21/2019 0:00,8:46:00 PM,5,5
2951,27,7/20/2019 0:00,9:42:00 AM,5,5
2952,35,7/20/2019 0:00,11:55:00 AM,5,5
2953,12,7/20/2019 0:00,1:33:00 PM,4,4
2954,40,7/20/2019 0:00,1:36:00 PM,5,5
2955,4,7/20/2019 0:00,3:27:00 PM,4,4
2956,31,7/20/2019 0:00,3:31:00 PM,4,4
2957,9,7/20/2019 0:00,10:33:00 PM,5,4
2958,32,7/20/2019 0:00,6:08:00 AM,4,4
2959,9,7/20/2019 0:00,6:38:00 AM,5,5
2960,2,7/20/2019 0:00,6:50:00 AM,4,4
2961,30,7/20/2019 0:00,7:21:00 AM,5,5
2962,32,7/20/2019 0:00,8:57:00 AM,5,4
2963,12,7/20/2019 0:00,9:26:00 AM,5,3
2964,9,7/19/2019 0:00,12:32:00 AM,4,3
2965,30,7/19/2019 0:00,8:18:00 AM,4,4
2966,40,7/19/2019 0:00,8:30:00 AM,5,5
2967,2,7/19/2019 0:00,11:12:00 AM,5,4
2968,32,7/19/2019 0:00,12:47:00 PM,5,5
2969,2,7/19/2019 0:00,1:09:00 PM,5,5
2970,9,7/18/2019 0:00,9:16:00 AM,3,3
2971,30,7/18/2019 0:00,10:21:00 AM,5,5
2972,11,7/18/2019 0:00,11:27:00 AM,5,5
2973,19,7/18/2019 0:00,3:27:00 PM,5,5
2974,32,7/18/2019 0:00,4:02:00 PM,5,5
2975,21,7/18/2019 0:00,7:06:00 AM,5,5
2976,9,7/18/2019 0:00,7:14:00 AM,5,5
2977,9,7/17/2019 0:00,1:58:00 PM,5,5
2978,32,7/17/2019 0:00,4:04:00 PM,4,4
2979,31,7/17/2019 0:00,10:58:00 PM,5,5
2980,34,7/17/2019 0:00,11:36:00 PM,4,4
2981,2,7/17/2019 0:00,1:30:00 AM,5,5
2982,42,7/17/2019 0:00,4:38:00 AM,4,4
2983,28,7/17/2019 0:00,5:52:00 AM,5,5
2984,32,7/17/2019 0:00,7:01:00 AM,5,5
2985,22,7/17/2019 0:00,7:01:00 AM,5,5
2986,31,7/17/2019 0:00,9:03:00 AM,5,5
2987,32,7/17/2019 0:00,9:13:00 AM,5,3
2988,12,7/17/2019 0:00,9:53:00 AM,5,5
2989,22,7/17/2019 0:00,10:36:00 AM,4,4
2990,23,7/17/2019 0:00,10:25:00 AM,5,5
2991,9,7/17/2019 0:00,11:17:00 AM,3,3
2992,32,7/17/2019 0:00,12:54:00 PM,4,4
2993,22,7/16/2019 0:00,1:21:00 AM,4,4
2994,18,7/16/2019 0:00,6:32:00 AM,5,5
2995,21,7/16/2019 0:00,6:40:00 AM,5,5
2996,22,7/16/2019 0:00,6:46:00 AM,5,5
2997,32,7/16/2019 0:00,8:01:00 AM,5,5
2998,19,7/16/2019 0:00,8:02:00 AM,4,4
2999,22,7/16/2019 0:00,9:21:00 AM,3,4
3000,41,7/16/2019 0:00,10:21:00 AM,5,5
3001,9,7/16/2019 0:00,11:11:00 AM,4,4
3002,2,7/16/2019 0:00,2:22:00 PM,5,5
3003,9,7/16/2019 0:00,2:30:00 PM,4,4
3004,40,7/16/2019 0:00,2:55:00 PM,5,5
3005,34,7/16/2019 0:00,6:12:00 PM,4,4
3006,40,7/15/2019 0:00,4:13:00 PM,5,5
3007,1,7/15/2019 0:00,6:22:00 PM,5,5
3008,9,7/15/2019 0:00,10:16:00 PM,4,4
3009,9,7/15/2019 0:00,8:50:00 AM,4,5
3010,30,7/15/2019 0:00,10:29:00 AM,5,5
3011,2,7/15/2019 0:00,11:02:00 AM,5,5
3012,25,7/15/2019 0:00,12:30:00 PM,2,4
3013,41,7/15/2019 0:00,2:30:00 PM,4,4
3014,42,7/14/2019 0:00,5:14:00 AM,5,5
3015,32,7/14/2019 0:00,6:09:00 AM,5,5
3016,25,7/14/2019 0:00,11:56:00 AM,5,5
3017,9,7/14/2019 0:00,7:50:00 PM,3,4
3018,7,7/13/2019 0:00,6:17:00 AM,5,5
3019,27,7/13/2019 0:00,6:25:00 AM,5,5
3020,19,7/13/2019 0:00,6:50:00 AM,5,4
3021,26,7/13/2019 0:00,7:23:00 AM,4,3
3022,8,7/13/2019 0:00,8:54:00 AM,1,1
3023,40,7/13/2019 0:00,9:06:00 AM,5,5
3024,20,7/13/2019 0:00,9:15:00 AM,5,4
3025,40,7/13/2019 0:00,9:36:00 AM,5,5
3026,25,7/13/2019 0:00,10:30:00 AM,1,1
3027,4,7/13/2019 0:00,11:18:00 AM,5,5
3028,9,7/13/2019 0:00,12:21:00 PM,5,5
3029,17,7/13/2019 0:00,12:23:00 PM,3,3
3030,31,7/13/2019 0:00,12:35:00 PM,5,5
3031,9,7/13/2019 0:00,1:05:00 PM,4,4
3032,20,7/13/2019 0:00,1:16:00 PM,1,1
3033,8,7/13/2019 0:00,3:48:00 PM,4,4
3034,30,7/13/2019 0:00,6:38:00 PM,5,5
3035,15,7/12/2019 0:00,1:12:00 AM,5,5
3036,15,7/12/2019 0:00,5:50:00 AM,4,4
3037,11,7/12/2019 0:00,5:52:00 AM,5,5
3038,9,7/12/2019 0:00,6:17:00 AM,2,4
3039,4,7/12/2019 0:00,6:18:00 AM,4,4
3040,23,7/12/2019 0:00,6:43:00 AM,5,5
3041,40,7/12/2019 0:00,7:31:00 AM,5,5
3042,2,7/12/2019 0:00,8:19:00 AM,4,4
3043,43,7/12/2019 0:00,9:15:00 AM,4,3
3044,23,7/12/2019 0:00,9:26:00 AM,5,5
3045,43,7/12/2019 0:00,10:52:00 AM,5,5
3046,9,7/12/2019 0:00,12:08:00 PM,5,5
3047,9,7/12/2019 0:00,2:27:00 PM,5,5
3048,17,7/12/2019 0:00,7:16:00 PM,5,5
3049,9,7/11/2019 0:00,6:10:00 AM,4,4
3050,3,7/11/2019 0:00,7:04:00 AM,4,4
3051,42,7/11/2019 0:00,8:13:00 AM,5,5
3052,40,7/11/2019 0:00,10:26:00 AM,5,5
3053,21,7/11/2019 0:00,1:11:00 PM,3,4
3054,2,7/11/2019 0:00,1:16:00 PM,5,4
3055,23,7/11/2019 0:00,3:29:00 PM,5,5
3056,15,7/11/2019 0:00,5:36:00 PM,5,5
3057,25,7/11/2019 0:00,6:15:00 PM,5,5
3058,26,7/11/2019 0:00,6:29:00 PM,4,4
3059,4,7/11/2019 0:00,8:33:00 PM,5,5
3060,26,7/10/2019 0:00,5:10:00 AM,3,4
3061,2,7/10/2019 0:00,5:37:00 AM,5,5
3062,9,7/10/2019 0:00,6:09:00 AM,5,5
3063,27,7/10/2019 0:00,6:32:00 AM,5,5
3064,21,7/10/2019 0:00,7:27:00 AM,4,3
3065,9,7/10/2019 0:00,10:11:00 AM,3,4
3066,9,7/10/2019 0:00,11:08:00 AM,3,3
3067,9,7/10/2019 0:00,12:12:00 PM,4,4
3068,9,7/10/2019 0:00,1:03:00 PM,5,5
3069,32,7/10/2019 0:00,2:35:00 PM,4,4
3070,23,7/10/2019 0:00,2:48:00 PM,5,5
3071,33,7/10/2019 0:00,5:01:00 PM,5,5
3072,9,7/10/2019 0:00,8:27:00 PM,5,5
3073,9,7/9/2019 0:00,1:49:00 AM,5,5
3074,10,7/9/2019 0:00,6:21:00 AM,4,4
3075,9,7/9/2019 0:00,6:23:00 AM,4,4
3076,40,7/9/2019 0:00,6:30:00 AM,4,4
3077,9,7/9/2019 0:00,10:39:00 AM,5,5
3078,19,7/9/2019 0:00,11:19:00 AM,5,5
3079,1,7/9/2019 0:00,11:20:00 AM,3,4
3080,23,7/9/2019 0:00,4:02:00 PM,5,5
3081,9,7/9/2019 0:00,4:09:00 PM,5,4
3082,9,7/9/2019 0:00,7:12:00 PM,5,5
3083,6,7/9/2019 0:00,11:20:00 PM,5,5
3084,31,7/8/2019 0:00,5:18:00 PM,4,4
3085,31,7/8/2019 0:00,6:43:00 PM,5,5
3086,31,7/8/2019 0:00,6:43:00 PM,5,5
3087,40,7/8/2019 0:00,9:13:00 PM,4,4
3088,23,7/8/2019 0:00,9:55:00 PM,4,4
3089,9,7/7/2019 0:00,5:06:00 AM,5,5
3090,9,7/7/2019 0:00,9:50:00 AM,5,4
3091,19,7/7/2019 0:00,4:40:00 PM,5,5
3092,9,7/7/2019 0:00,6:30:00 PM,3,3
3093,34,7/6/2019 0:00,7:18:00 AM,3,2
3094,40,7/6/2019 0:00,7:28:00 AM,5,5
3095,31,7/6/2019 0:00,8:12:00 AM,4,3
3096,19,7/6/2019 0:00,8:47:00 AM,4,5
3097,9,7/6/2019 0:00,9:56:00 AM,5,5
3098,32,7/6/2019 0:00,10:03:00 AM,5,5
3099,9,7/6/2019 0:00,12:03:00 PM,5,5
3100,39,7/6/2019 0:00,12:18:00 PM,5,5
3101,8,7/6/2019 0:00,12:52:00 PM,3,4
3102,25,7/6/2019 0:00,10:57:00 PM,5,5
3103,40,7/6/2019 0:00,5:50:00 AM,5,4
3104,25,7/5/2019 0:00,12:09:00 AM,5,5
3105,9,7/5/2019 0:00,9:34:00 AM,4,4
3106,23,7/5/2019 0:00,11:55:00 AM,5,5
3107,32,7/5/2019 0:00,5:28:00 PM,5,5
3108,25,7/5/2019 0:00,5:30:00 PM,4,4
3109,10,7/5/2019 0:00,9:59:00 PM,1,1
3110,32,7/4/2019 0:00,6:57:00 AM,5,5
3111,7,7/4/2019 0:00,10:26:00 AM,5,5
3112,9,7/4/2019 0:00,11:05:00 AM,3,4
3113,17,7/4/2019 0:00,3:27:00 PM,4,4
3114,9,7/4/2019 0:00,4:04:00 PM,5,5
3115,9,7/4/2019 0:00,5:28:00 PM,5,5
3116,9,7/4/2019 0:00,6:05:00 PM,5,4
3117,26,7/4/2019 0:00,7:07:00 PM,5,5
3118,40,7/3/2019 0:00,11:19:00 AM,5,4
3119,9,7/3/2019 0:00,11:36:00 AM,5,3
3120,35,7/3/2019 0:00,5:52:00 PM,5,5
3121,31,7/3/2019 0:00,7:57:00 PM,4,3
3122,9,7/3/2019 0:00,11:59:00 PM,2,3
3123,39,7/3/2019 0:00,5:19:00 AM,5,2
3124,2,7/3/2019 0:00,5:57:00 AM,4,4
3125,9,7/3/2019 0:00,7:25:00 AM,5,4
3126,9,7/3/2019 0:00,7:37:00 AM,5,5
3127,12,7/3/2019 0:00,7:40:00 AM,5,4
3128,33,7/3/2019 0:00,7:55:00 AM,4,4
3129,32,7/3/2019 0:00,7:57:00 AM,4,3
3130,9,7/3/2019 0:00,9:07:00 AM,4,3
3131,32,7/2/2019 0:00,6:56:00 AM,5,5
3132,19,7/2/2019 0:00,7:26:00 AM,5,5
3133,31,7/2/2019 0:00,8:12:00 AM,4,4
3134,28,7/2/2019 0:00,8:21:00 AM,5,5
3135,9,7/2/2019 0:00,8:23:00 AM,2,2
3136,11,7/2/2019 0:00,8:41:00 AM,3,4
3137,2,7/2/2019 0:00,8:44:00 AM,4,4
3138,19,7/2/2019 0:00,9:38:00 AM,5,4
3139,23,7/2/2019 0:00,3:31:00 PM,5,5
3140,11,7/2/2019 0:00,4:52:00 PM,1,2
3141,2,7/2/2019 0:00,6:37:00 PM,4,4
3142,25,7/2/2019 0:00,10:15:00 PM,5,4
3143,11,7/1/2019 0:00,8:07:00 AM,5,5
3144,25,7/1/2019 0:00,9:06:00 AM,4,4
3145,22,7/1/2019 0:00,2:36:00 PM,4,4
3146,23,7/1/2019 0:00,3:23:00 PM,5,5
3147,9,6/30/2019 0:00,3:12:00 AM,4,4
3148,28,6/30/2019 0:00,10:25:00 AM,1,1
3149,32,6/30/2019 0:00,1:07:00 PM,3,3
3150,22,6/30/2019 0:00,6:01:00 PM,3,3
3151,25,6/29/2019 0:00,8:28:00 AM,4,3
3152,40,6/29/2019 0:00,8:16:00 AM,5,5
3153,9,6/29/2019 0:00,9:37:00 AM,5,5
3154,40,6/29/2019 0:00,5:09:00 PM,5,5
3155,9,6/29/2019 0:00,10:47:00 PM,4,5
3156,32,6/28/2019 0:00,5:51:00 AM,5,5
3157,2,6/28/2019 0:00,6:41:00 AM,4,5
3158,28,6/28/2019 0:00,6:41:00 AM,5,5
3159,31,6/28/2019 0:00,9:44:00 AM,4,4
3160,9,6/27/2019 0:00,5:20:00 AM,5,5
3161,8,6/27/2019 0:00,6:32:00 AM,5,5
3162,2,6/27/2019 0:00,8:09:00 AM,5,5
3163,31,6/27/2019 0:00,8:55:00 AM,5,5
3164,18,6/27/2019 0:00,9:35:00 AM,5,5
3165,2,6/27/2019 0:00,9:24:00 AM,4,4
3166,18,6/27/2019 0:00,10:32:00 AM,5,5
3167,42,6/27/2019 0:00,1:48:00 PM,4,4
3168,23,6/27/2019 0:00,6:39:00 PM,3,3
3169,32,6/27/2019 0:00,11:03:00 PM,4,4
3170,34,6/26/2019 0:00,4:52:00 AM,5,5
3171,40,6/26/2019 0:00,7:45:00 AM,5,5
3172,22,6/26/2019 0:00,9:23:00 AM,4,4
3173,25,6/26/2019 0:00,2:11:00 PM,3,4
3174,23,6/25/2019 0:00,5:44:00 AM,5,5
3175,32,6/25/2019 0:00,7:27:00 AM,5,3
3176,9,6/25/2019 0:00,7:45:00 AM,4,3
3177,11,6/25/2019 0:00,9:06:00 AM,5,5
3178,31,6/25/2019 0:00,9:36:00 AM,5,5
3179,7,6/25/2019 0:00,11:09:00 AM,4,4
3180,1,6/25/2019 0:00,1:17:00 PM,4,4
3181,40,6/25/2019 0:00,1:58:00 PM,5,5
3182,11,6/25/2019 0:00,3:12:00 PM,4,4
3183,28,6/25/2019 0:00,10:57:00 PM,5,5
3184,9,6/25/2019 0:00,10:54:00 PM,5,5
3185,22,6/24/2019 0:00,7:34:00 AM,5,5
3186,8,6/24/2019 0:00,8:59:00 AM,5,4
3187,9,6/24/2019 0:00,9:19:00 AM,3,4
3188,31,6/24/2019 0:00,10:13:00 AM,5,5
3189,37,6/24/2019 0:00,11:55:00 AM,5,5
3190,32,6/24/2019 0:00,8:06:00 PM,5,5
3191,9,6/23/2019 0:00,6:01:00 PM,5,5
3192,25,6/22/2019 0:00,6:03:00 AM,5,5
3193,30,6/22/2019 0:00,7:15:00 AM,4,4
3194,40,6/22/2019 0:00,7:31:00 AM,4,4
3195,9,6/22/2019 0:00,8:05:00 AM,3,3
3196,2,6/22/2019 0:00,9:08:00 AM,4,5
3197,19,6/22/2019 0:00,9:19:00 AM,5,5
3198,25,6/22/2019 0:00,9:35:00 AM,4,4
3199,23,6/22/2019 0:00,10:57:00 AM,5,4
3200,8,6/22/2019 0:00,1:15:00 PM,5,5
3201,25,6/22/2019 0:00,2:35:00 PM,5,5
3202,25,6/22/2019 0:00,5:23:00 PM,5,5
3203,1,6/22/2019 0:00,6:36:00 PM,5,5
3204,15,6/21/2019 0:00,2:18:00 AM,1,2
3205,11,6/21/2019 0:00,5:28:00 AM,4,3
3206,9,6/21/2019 0:00,7:27:00 AM,5,4
3207,34,6/21/2019 0:00,8:22:00 AM,5,5
3208,20,6/21/2019 0:00,10:29:00 AM,4,3
3209,42,6/21/2019 0:00,10:46:00 AM,5,5
3210,1,6/21/2019 0:00,9:06:00 PM,3,3
3211,31,6/20/2019 0:00,8:02:00 AM,3,4
3212,40,6/20/2019 0:00,9:02:00 AM,5,5
3213,40,6/19/2019 0:00,7:41:00 AM,4,4
3214,20,6/19/2019 0:00,8:29:00 AM,4,4
3215,31,6/19/2019 0:00,8:58:00 AM,5,5
3216,10,6/19/2019 0:00,5:29:00 PM,5,5
3217,31,6/19/2019 0:00,6:56:00 PM,5,5
3218,11,6/19/2019 0:00,9:51:00 PM,4,4
3219,2,6/18/2019 0:00,5:50:00 AM,5,5
3220,40,6/18/2019 0:00,6:50:00 AM,4,4
3221,7,6/18/2019 0:00,9:14:00 AM,4,4
3222,25,6/18/2019 0:00,10:21:00 AM,3,4
3223,19,6/18/2019 0:00,11:44:00 AM,5,4
3224,9,6/18/2019 0:00,1:02:00 PM,3,2
3225,40,6/17/2019 0:00,9:42:00 AM,4,4
3226,3,6/17/2019 0:00,7:04:00 PM,1,1
3227,21,6/16/2019 0:00,12:37:00 AM,5,5
3228,15,6/16/2019 0:00,1:32:00 PM,2,2
3229,32,6/16/2019 0:00,5:24:00 PM,4,4
3230,31,6/15/2019 0:00,6:21:00 AM,5,5
3231,10,6/15/2019 0:00,6:20:00 AM,4,5
3232,9,6/15/2019 0:00,6:50:00 AM,5,5
3233,23,6/15/2019 0:00,6:51:00 AM,5,5
3234,21,6/15/2019 0:00,10:00:00 AM,5,5
3235,15,6/15/2019 0:00,10:35:00 AM,5,5
3236,40,6/15/2019 0:00,12:35:00 PM,4,3
3237,42,6/15/2019 0:00,7:49:00 PM,3,4
3238,31,6/15/2019 0:00,9:05:00 PM,5,4
3239,25,6/14/2019 0:00,6:06:00 AM,5,5
3240,22,6/14/2019 0:00,6:40:00 AM,2,4
3241,40,6/14/2019 0:00,11:02:00 AM,5,5
3242,32,6/14/2019 0:00,6:31:00 PM,5,5
3243,22,6/13/2019 0:00,6:54:00 AM,5,5
3244,40,6/13/2019 0:00,9:51:00 AM,5,5
3245,28,6/13/2019 0:00,1:47:00 PM,5,5
3246,32,6/13/2019 0:00,5:31:00 PM,5,5
3247,18,6/13/2019 0:00,5:14:00 AM,5,4
3248,23,6/13/2019 0:00,6:17:00 AM,5,5
3249,29,6/12/2019 0:00,6:55:00 AM,5,5
3250,32,6/12/2019 0:00,6:54:00 AM,5,5
3251,28,6/12/2019 0:00,7:51:00 AM,4,4
3252,23,6/12/2019 0:00,10:45:00 AM,4,4
3253,9,6/12/2019 0:00,12:12:00 PM,4,4
3254,32,6/12/2019 0:00,2:44:00 PM,4,4
3255,25,6/12/2019 0:00,11:30:00 PM,5,5
3256,23,6/12/2019 0:00,5:47:00 AM,5,5
3257,43,6/12/2019 0:00,5:53:00 AM,5,5
3258,17,6/12/2019 0:00,6:11:00 AM,5,5
3259,31,6/12/2019 0:00,6:29:00 AM,5,5
3260,2,6/12/2019 0:00,6:46:00 AM,5,4
3261,31,6/11/2019 0:00,7:07:00 PM,5,5
3262,3,6/11/2019 0:00,6:42:00 AM,5,5
3263,8,6/11/2019 0:00,7:28:00 AM,5,5
3264,15,6/10/2019 0:00,5:37:00 AM,2,2
3265,6,6/10/2019 0:00,5:52:00 AM,5,5
3266,37,6/10/2019 0:00,6:13:00 AM,5,5
3267,25,6/10/2019 0:00,10:10:00 AM,4,4
3268,37,6/10/2019 0:00,5:34:00 PM,4,4
3269,4,6/10/2019 0:00,7:23:00 PM,5,5
3270,23,6/9/2019 0:00,9:26:00 AM,5,5
3271,31,6/9/2019 0:00,10:19:00 AM,5,5
3272,32,6/9/2019 0:00,8:25:00 PM,5,5
3273,28,6/9/2019 0:00,8:25:00 PM,5,5
3274,9,6/9/2019 0:00,11:23:00 PM,5,5
3275,32,6/8/2019 0:00,8:31:00 AM,5,5
3276,32,6/8/2019 0:00,8:28:00 AM,5,4
3277,21,6/8/2019 0:00,10:26:00 AM,5,5
3278,26,6/8/2019 0:00,10:39:00 AM,5,4
3279,31,6/8/2019 0:00,11:30:00 AM,4,4
3280,31,6/8/2019 0:00,3:27:00 PM,5,5
3281,11,6/8/2019 0:00,10:56:00 PM,4,3
3282,23,6/8/2019 0:00,7:41:00 AM,5,5
3283,23,6/7/2019 0:00,7:27:00 AM,4,5
3284,4,6/7/2019 0:00,7:56:00 AM,3,3
3285,17,6/7/2019 0:00,4:25:00 PM,5,5
3286,31,6/7/2019 0:00,11:10:00 PM,5,5
3287,9,6/6/2019 0:00,6:39:00 AM,5,5
3288,9,6/6/2019 0:00,6:53:00 AM,5,5
3289,26,6/6/2019 0:00,7:59:00 AM,5,5
3290,31,6/6/2019 0:00,11:07:00 AM,5,5
3291,17,6/6/2019 0:00,9:51:00 PM,4,4
3292,9,6/6/2019 0:00,10:06:00 PM,5,5
3293,28,6/5/2019 0:00,6:14:00 AM,5,4
3294,6,6/5/2019 0:00,9:14:00 AM,5,5
3295,19,6/5/2019 0:00,9:33:00 AM,5,5
3296,2,6/5/2019 0:00,11:32:00 AM,5,4
3297,32,6/5/2019 0:00,6:51:00 PM,5,5
3298,32,6/4/2019 0:00,5:50:00 AM,4,4
3299,23,6/4/2019 0:00,6:22:00 AM,5,5
3300,23,6/4/2019 0:00,8:05:00 AM,4,4
3301,42,6/4/2019 0:00,8:25:00 AM,5,5
3302,9,6/4/2019 0:00,8:48:00 AM,5,5
3303,9,6/4/2019 0:00,9:06:00 AM,4,5
3304,30,6/4/2019 0:00,9:35:00 AM,5,5
3305,9,6/4/2019 0:00,1:03:00 PM,5,5
3306,9,6/4/2019 0:00,2:40:00 PM,5,5
3307,2,6/3/2019 0:00,1:30:00 AM,5,5
3308,23,6/3/2019 0:00,9:01:00 AM,4,5
3309,23,6/3/2019 0:00,9:31:00 AM,5,5
3310,22,6/3/2019 0:00,12:31:00 PM,5,5
3311,31,6/3/2019 0:00,8:13:00 PM,4,5
3312,8,6/2/2019 0:00,10:16:00 AM,5,5
3313,22,6/2/2019 0:00,10:41:00 AM,5,5
3314,9,6/2/2019 0:00,4:14:00 PM,5,5
3315,5,6/2/2019 0:00,8:27:00 PM,4,4
3316,9,6/2/2019 0:00,9:48:00 PM,5,5
3317,29,6/2/2019 0:00,11:29:00 PM,5,5
3318,27,6/1/2019 0:00,7:42:00 AM,5,5
3319,2,6/1/2019 0:00,10:27:00 AM,3,3
3320,40,6/1/2019 0:00,10:52:00 AM,5,5
3321,25,6/1/2019 0:00,2:24:00 PM,5,5
3322,32,6/1/2019 0:00,8:29:00 PM,5,5
3323,40,5/31/2019 0:00,7:59:00 AM,5,5
3324,28,5/30/2019 0:00,4:39:00 PM,5,5
3325,40,5/30/2019 0:00,12:46:00 AM,5,4
3326,40,5/30/2019 0:00,11:27:00 AM,2,2
3327,15,5/30/2019 0:00,12:13:00 PM,4,4
3328,9,5/30/2019 0:00,12:54:00 PM,3,4
3329,2,5/30/2019 0:00,12:54:00 PM,5,5
3330,41,5/29/2019 0:00,5:15:00 AM,3,5
3331,5,5/29/2019 0:00,6:16:00 AM,5,5
3332,9,5/29/2019 0:00,6:30:00 AM,5,5
3333,31,5/29/2019 0:00,6:32:00 AM,4,4
3334,42,5/29/2019 0:00,5:57:00 AM,4,4
3335,27,5/29/2019 0:00,8:28:00 AM,3,4
3336,32,5/29/2019 0:00,8:12:00 AM,5,4
3337,26,5/29/2019 0:00,8:54:00 AM,5,5
3338,9,5/29/2019 0:00,9:22:00 AM,5,5
3339,23,5/29/2019 0:00,9:54:00 AM,5,4
3340,9,5/29/2019 0:00,9:55:00 AM,4,4
3341,22,5/29/2019 0:00,10:21:00 AM,5,5
3342,25,5/29/2019 0:00,10:59:00 AM,5,4
3343,25,5/29/2019 0:00,1:23:00 PM,4,4
3344,19,5/29/2019 0:00,4:20:00 PM,5,5
3345,41,5/29/2019 0:00,5:10:00 PM,5,5
3346,32,5/29/2019 0:00,6:46:00 PM,5,5
3347,9,5/28/2019 0:00,10:59:00 AM,5,5
3348,25,5/28/2019 0:00,12:24:00 PM,4,4
3349,9,5/27/2019 0:00,8:22:00 AM,4,4
3350,22,5/27/2019 0:00,8:30:00 AM,4,4
3351,23,5/26/2019 0:00,8:18:00 AM,3,5
3352,40,5/26/2019 0:00,9:23:00 AM,5,5
3353,30,5/26/2019 0:00,10:29:00 AM,4,4
3354,20,5/26/2019 0:00,1:03:00 PM,5,5
3355,40,5/26/2019 0:00,2:20:00 PM,4,4
3356,22,5/26/2019 0:00,2:34:00 PM,4,4
3357,9,5/25/2019 0:00,10:13:00 AM,5,5
3358,1,5/25/2019 0:00,12:39:00 PM,5,5
3359,9,5/25/2019 0:00,2:33:00 PM,5,5
3360,9,5/25/2019 0:00,3:06:00 PM,4,4
3361,22,5/24/2019 0:00,6:37:00 AM,3,3
3362,10,5/24/2019 0:00,7:12:00 AM,5,5
3363,31,5/24/2019 0:00,11:44:00 AM,4,4
3364,25,5/24/2019 0:00,6:03:00 PM,5,5
3365,2,5/23/2019 0:00,7:16:00 AM,5,5
3366,2,5/23/2019 0:00,1:10:00 PM,2,5
3367,28,5/23/2019 0:00,4:52:00 PM,4,4
3368,23,5/22/2019 0:00,10:02:00 AM,5,5
3369,28,5/22/2019 0:00,12:50:00 PM,4,4
3370,22,5/21/2019 0:00,5:11:00 AM,5,5
3371,40,5/21/2019 0:00,7:55:00 AM,3,2
3372,23,5/21/2019 0:00,10:39:00 AM,5,5
3373,40,5/21/2019 0:00,12:10:00 PM,5,5
3374,40,5/21/2019 0:00,12:31:00 PM,5,5
3375,9,5/21/2019 0:00,2:25:00 PM,5,5
3376,17,5/21/2019 0:00,4:23:00 PM,4,4
3377,25,5/20/2019 0:00,9:29:00 PM,5,5
3378,22,5/18/2019 0:00,8:56:00 PM,3,3
3379,23,5/18/2019 0:00,7:43:00 AM,4,4
3380,40,5/18/2019 0:00,8:18:00 AM,5,5
3381,9,5/18/2019 0:00,7:59:00 AM,5,5
3382,9,5/18/2019 0:00,10:31:00 AM,5,5
3383,26,5/18/2019 0:00,11:14:00 AM,3,3
3384,40,5/18/2019 0:00,11:49:00 AM,5,5
3385,40,5/18/2019 0:00,4:14:00 PM,1,1
